id,season,episode,title,plot,link
1,1,1,Pilot,"Walter ""Walt"" White is a high school chemistry teacher living in Albuquerque, New Mexico, with his pregnant wife, Skyler, and their teenage son Walter Jr., who has cerebral palsy. Walt is very dissatisfied with his life, needing to work a second job at a car wash in order to support himself and his family as well as lacking physical intimacy in his marriage.
During Walt's 50th birthday party, his brother-in-law Hank Schrader, a DEA agent, proudly shows the guests a news report detailing his latest drug bust, in which $700,000 of illegal drug money was confiscated. Walt appears curious and Hank offers to take him on a ride-along to a bust. Meanwhile, Skyler talks to her sister Marie Schrader, Hank's wife, about her pregnancy.
The next day, Walt collapses at the car wash and is taken to the hospital, where he is told that he has developed inoperable lung cancer and has, at best, two years to live. He decides to keep the news from his family. Returning to work, Walt lashes out at his boss Bogdan Wolynetz and storms out. He sits alone at home and ponders the news of his impending death.
Walt takes the offer to go on the ride-along with Hank and his partner Steven Gomez as they raid a meth lab. As DEA agents clear out the house, Walt observes Jesse Pinkman, a former student of his, fleeing the scene from a neighboring house. Later that night, Walt tracks down and blackmails Jesse into helping him produce crystal meth. After Walt steals chemistry supplies from the high school, he asks Jesse to purchase an RV to use as their meth lab.
The pair drive the RV into the desert and begin to cook. Due to Walt's expertise in chemistry, the batch of crystal meth they produce is unusually pure. Jesse, impressed, returns to the city and advertises  the product to his distributor, Domingo ""Krazy-8"" Molina, but encounters Krazy-8's cousin, Emilio Koyama, who believes Jesse set him up during the drug bust. To prove his loyalty, Jesse rides with them to the RV, where they meet Walt. Emilio recognizes Walt from Hank's earlier bust which leads to the two being held at gunpoint. To save his life, Walt offers to show them how he makes meth. During the cook, Emilio tosses a lit cigarette out the window of the RV, causing a brush fire. Walt synthesizes phosphine gas with red phosphorus, causing an explosion, and flees the RV, trapping Emilio and Krazy-8 inside, where they are asphyxiated by the toxic gas.
Hearing sirens, Walt attempts to flee but drives the RV into a ditch. He stumbles out and records a video message to his family[a] before unsuccessfully trying to shoot himself. He then realizes that the sirens are not the police but are from fire trucks responding to the fire. Walt returns home, meeting his wife's troubled queries with new sexual vigor, making her ask ""Walt, is that you?"".
",https://en.wikipedia.org/wiki/Pilot_(Breaking_Bad)
2,1,2,Cat's in the Bag...,"Walt and Jesse return the RV to Jesse's house, which was previously owned by Jesse's late aunt. When they open the RV to remove the two bodies inside, they notice that Krazy-8 is still alive and breathing, despite having inhaled the toxic phosphine gas. The next day, Walt is driving to Jesse's house and notices a bedraggled Krazy-8 staggering down the street. Walt tries to get Krazy-8's attention, but Krazy-8 recognizes Walt and attempts to flee only to run into a tree and collapse. Walt loads the unconscious Krazy-8 into his car's trunk and takes him to Jesse's house where he and Jesse restrain Krazy-8 to a pole in Jesse's basement using a bike lock. Walt suggests that they dispose of Emilio's corpse by dissolving it in hydrofluoric acid. Realizing they must also kill Krazy-8, Walt and Jesse toss a coin to decide who will perform which task. Jesse wins and chooses to dispose of the corpse, leaving Walt to kill Krazy-8.
Walt instructs Jesse to buy a bin made from polyethylene in which the corpse can be properly dissolved, but Jesse cannot find a bin big enough to accommodate it. Walt seemingly decides on asphyxiating Krazy-8 with a plastic bag but is unable to go through with the act. He instead gives Krazy-8 food, water, a bucket and toilet paper out of guilt. When Jesse returns home and asks if Krazy-8 is dead, Walt promises to perform his agreed upon task the following day. Meanwhile, Skyler begins to suspect that Walt is hiding something due to his recent strange behavior. After Jesse makes a call to Walt's home phone, Skyler traces his phone number online and discovers his social media website. When she questions Walt as to who he is, he claims that Jesse sells him marijuana. Skyler finds his address and confronts Jesse while he is moving Emilio's body, warning him that her brother-in-law is a DEA agent. Skyler doesn't notice the corpse.
Jesse, having decided against following Walt's instructions, decides to dissolve Emilio's corpse in the upstairs bathtub. However, the hydrofluoric acid dissolves the ceramic and metal bathtub along with the body. This causes the ceiling beneath it to collapse, spilling Emilio's liquified remains onto the hallway below. Exasperated, Walt tells Jesse that hydrofluoric acid will dissolve many things but not polyethylene. Meanwhile, two Native American children playing in the desert find Walt's gas mask from the previous meth cook.
",https://en.wikipedia.org/wiki/Cat%27s_in_the_Bag...
3,1,3,...And the Bag's in the River,"Walt and Jesse clean up the bloody remains of Emilio while Krazy-8 remains locked up in the basement. While talking with Walt, Krazy-8 reveals that Jesse told him and Emilio about Walt's personal life. Walt then confronts Jesse, while the latter is smoking meth. Jesse angrily berates Walt for not performing his agreed upon task before driving away in a rage. Meanwhile, Skyler tells Marie that she is working on a new short story with a stoner character in it, and she asks her about marijuana. Marie assumes that Skyler thinks Walt Jr. is smoking pot, but Skyler insists that she was just talking about her story. Marie asks Hank to scare Walt Jr. straight, leading him to bring Walt Jr. to a motel to show how meth has corroded the teeth of a prostitute.
Still at Jesse's house, Walt phones Skyler to apologize for still being out late, falsely claiming that he's working over at the car wash. Skyler informs Walt that she knows he quit his job there two weeks previously and angrily tells him to not come home. Walt weighs the pros and cons of killing Krazy-8. While delivering food to him, Walt suffers a violent coughing fit and collapses on the basement floor, the plate holding the food shattering on the concrete floor. After he regains consciousness, Walt sadly reveals to Krazy-8 that he has lung cancer. Feeling a bond with Krazy-8 from their conversation, Walt decides to let him go. While retrieving the key to the bike lock which is holding Krazy-8 captive, Walt realizes that there is a large shard missing from the broken plate, hinting that Krazy-8 obtained it while Walt was unconscious and plans to use it as a weapon. Walt tearfully confronts him, only for Krazy-8 to attack him with the broken piece of plate, forcing Walt to garrote him to death with the bike lock. Krazy-8 manages to stab him in the leg with the shard of plate during the struggle. Walt returns home to find Skyler sitting on the bed crying. He says he has something to tell her.
Meanwhile, Hank and several DEA agents discover the cook site in the desert along with Krazy-8's car. Inside the car, they find the small bag of crystal meth cooked by Walt. The family of Native Americans shares the lab mask the young girl found in the previous episode.
",https://en.wikipedia.org/wiki/...And_the_Bag%27s_in_the_River
4,1,4,Cancer Man,"Hank Schrader and his Drug Enforcement Administration (DEA) team have a meeting over the disappearances of Emilio Koyama and Krazy-8, the latter of whom is revealed to have been their informant. Hank also reports on their discovery of 99.1% pure methamphetamine. Although the DEA had no leads, Hank believes the product is good enough to make whoever produced it Albuquerque's new meth kingpin. Meanwhile, Walt tells Hank, Marie Schrader, and Walt Jr. about his cancer; Skyler White has already been told. Jesse Pinkman smokes Walt's meth with two friends, Skinny Pete and Combo, and flees his house the next morning when he hallucinates that two Mormon missionaries at his door are armed bikers.
Skyler makes an appointment with one of the top oncologists in the country, Dr. Delcavoli, despite the family being unable to afford his service. Walt says he will take the money out of his pension, but secretly uses some of the money taken from Krazy-8 in the desert, which he keeps hidden in an air-conditioning duct at his house. Walt Jr. berates his father for his attitude towards his cancer. When Walt goes to his credit union to put the cash in a cashier's check, his parking spot is stolen by an obnoxious man named Ken. Inside, Ken annoys Walt further with his loud and socially inappropriate cell phone conversation.
Jesse, having fled his house, ends up in the backyard of his affluent parents' house, and falls asleep in his childhood bedroom. He attempts to bond with his overachieving little brother, Jake. That night, Jesse gets a call from one of the friends who smoked Walt's meth, who says that he knows a lot of wealthy people looking to score drugs and are willing to pay top dollar for the high-quality meth he cooked. The next day, Jesse visits Walt at the White residence to discuss their dealings, but Walt angrily rebuffs him and kicks him out. Jesse gives Walt his half of the meth profit ($4,000 in cash) before leaving. The oncologist informs Walt that the cancer has spread to his lymph nodes, but there is a chance it is still treatable with chemotherapy.
At the Pinkman residence, a housekeeper finds a joint in Jesse's room and, believing the joint belongs to him, Jesse's parents banish him from the house. The joint is revealed to belong to Jake, who thanks Jesse for taking the blame for him. While Jesse is waiting for a taxi outside the house, Jake asks for his joint back, to which Jesse responds by destroying it, saying it was of poor quality anyway.
At home, Walt expresses his doubts about the chemotherapy since it will cost $90,000 and if he still dies, he will leave his family with all the debt. Walt Jr. angrily tells Walt he should just die already if he is going to give up so easily. Walt suffers a coughing attack while driving, coughing up blood. As he pulls into a gas station, he notices Ken pulling up as well. When Ken leaves his car unattended, Walt takes a squeegee and shorts the car battery with it. The battery catches fire and explodes as Walt walks back to his car.
",https://en.wikipedia.org/wiki/Cancer_Man_(Breaking_Bad)
5,1,5,Gray Matter,"Walter and Skyler White attend a birthday party for their wealthy acquaintance, Elliott Schwartz. When Elliott offers him a job and tells him that his company Gray Matter Technologies has excellent health insurance, Walt realizes that Skyler told Elliott about his cancer and declines the offer, getting upset with her.
After a failed job interview, Jesse Pinkman shows his friend Badger the RV Walt and Jesse use as a meth lab. In the desert, Jesse is frustrated that the quality of his meth is inferior to that of Walt's and throws his own product away, much to Badger's dismay. Jesse cooks a couple more batches, which he also discards. Badger and Jesse brawl over the wasted meth, and Jesse pushes Badger out of the RV before driving away, leaving Badger stranded in the desert.
Walt Jr. and two friends are waiting outside a convenience store, waiting for somebody to buy them beer. The friends run away when Walt Jr. approaches a policeman. In the police car, the officer tells him he got his ""first and last warning. You're lucky you got a good dad here."" and it is revealed that Hank is sitting in the drivers seat. Skyler holds an intervention for Walt, saying she does not understand why Walt is refusing treatment. Hank Schrader, Walt Jr., and Marie Schrader argue over what to do. While Skyler is worried for her husband and Walt Jr. is angered that his father refuses to take the treatment despite everything he has been through. Marie and later Hank feel Walt should have the choice to decline treatment if he wants. Walt ends the intervention by saying he does not want to spend his last months being too sick to properly enjoy life.
The next morning, Walt has a change of heart and tells Skyler he will do the treatment, and he will take care of Elliott's check. Later, Elliott's wife Gretchen calls, telling him that he has to accept the money. Walt says he appreciates the offer, but lies and says his insurance will now cover it. Walt then goes to Jesse's house and asks him if he wants to cook.
",https://en.wikipedia.org/wiki/Gray_Matter_(Breaking_Bad)
6,1,6,Crazy Handful of Nothin',"Upon his decision to return to the illicit drug business, Walter White and his accomplice Jesse Pinkman come to an agreement: Walt will be the cook and silent partner in their meth operation, while Jesse will sell their product on the street. Walt also demands no further bloodshed. Meanwhile, as Walt's chemotherapy continues, he tells Skyler White that Elliott Schwartz's check came and he deposited it, when in fact he is struggling to pay for the treatment and plans on using his meth profits to cover it. He starts feeling the effects of chemotherapy during class and vomits in the men's room, which Hugo Archilleya, the school janitor, cleans up after him. At a family therapy session, Skyler tells Walt that she is concerned about his missing hours, but he says that he just likes to be alone sometimes and take walks.
While cooking meth, Jesse notices a radiotherapy burn on Walt's chest and realizes he is trying to financially provide for his family before he dies of lung cancer; Walt confirms his suspicions. Jesse finishes their current batch and spends all night selling it, bringing Walt his share of $1,300, far less than he expected. Walt realises they need a distributor; after Krazy-8's death, drug lord Tuco Salamanca has taken over his territory. Jesse obtains a meeting with Tuco after getting his friend Skinny Pete, who served time in prison with  Tuco, to vouch for him. Though Tuco is willing to pay $35,000 for a pound of meth, he insists on paying only after his dealers have completed the sales. When Jesse refuses and attempts to take back the drugs, Tuco severely beats him.
Meanwhile, Hank Schrader traces the gas mask found in the desert to Walt's high school. Hank and Walt take inventory of the chemistry lab to find other equipment missing, leading Hank to suspect that a student obtained a key to the lab storage room. Later, Hank arrests Hugo, who would have had the keys and had a criminal record for drug possession. Walt feels guilty letting Hugo take the blame and tries to contact Jesse, only to learn about his hospitalization. He visits Jesse and learns what happened with Tuco.
Now starting to lose his hair from the chemo, Walt decides to shave his head. Afterward, he arranges for a meeting with Tuco. He introduces himself under the alias Heisenberg, and demands $50,000 from Tuco—$35,000 for the meth he took from Jesse, and $15,000 for beating Jesse. Tuco laughs at Walt for bringing him another bag of meth after his previous batch was stolen, but Walt reveals that the substance he brought is not meth but fulminated mercury. Walt then throws a piece against the ground, causing an explosion that blows out the windows and knocks everyone off their feet. He threatens to throw the whole bag before an incredulous Tuco agrees to the payment. Before leaving, Walt makes a deal with Tuco, promising to give him two pounds of meth a week as long as Tuco pays him upfront. Once back in his car with the money, Walt experiences an intense rush from what he has just done.
",https://en.wikipedia.org/wiki/Crazy_Handful_of_Nothin%27
7,1,7,A No-Rough-Stuff-Type Deal,"Following his meeting with Tuco Salamanca, Walter White meets with Jesse Pinkman, who has put his house on the market due to his trauma from the deaths of Krazy-8 and Emilio. Walt tells Jesse that they will make two pounds of meth a week for Tuco, but Jesse says that doing so is impossible because he won't be able to obtain the needed amount of pseudoephedrine in time. As a result, Walt and Jesse are only able to make half a pound of meth by the time they have their first meeting with Tuco and his henchmen, Gonzo and No-Doze, at a junkyard. Tuco is furious that Walt's end of the bargain was not kept and threatens dire consequences if the next quota is not met. To make up for it, Walt promises to have four pounds of meth ready at the next meeting.
After returning to Jesse's house, Walt tells Jesse that they will manufacture the four pounds of meth using different precursors and gives him a list of chemicals and equipment to buy with Tuco's cash. Jesse manages to obtain everything except methylamine, explaining to Walt that some people offered to steal some from a chemical warehouse and give it to him, but he could not afford to pay them for the job. Walt decides that they will steal the methylamine themselves. That night, Walt and Jesse break into the warehouse and use a bag of thermite to melt the lock on a highly-secured door, allowing them to escape with a drum of methylamine.
Meanwhile, Skyler attempts to return an expensive baby's tiara that Marie gave her at her baby shower, only for the store owner to accuse her of shoplifting and have her detained in a storeroom. Realising Marie stole the tiara, Skyler feigns going into labor, persuading the staff to let her go. Skyler later confronts Marie about the theft, yet she denies having done anything.
The next day, Walt and Jesse find themselves unable to start up the RV, forcing them to cook in Jesse's basement. Unbeknownst to them, a house viewing is happening that day, and they narrowly avoid being caught when one man attempts to see the basement, after which Jesse declares that the house is no longer for sale and demands that everyone leave. Walt and Jesse successfully finish the cook and are able to supply Tuco with 4.6 pounds of meth at their next meeting. Despite its blue hue, it is still the same quality and Tuco pays. When No-Doze makes an offhand remark to Walt, however, an intoxicated Tuco perceives it as an insult and brutally beats him to the ground, terrifying Walt and Jesse. Tuco then tells Walt to meet next week before he and Gonzo, carrying the unconscious No-Doze, drive off.
",https://en.wikipedia.org/wiki/A_No-Rough-Stuff-Type_Deal
8,2,1,Seven Thirty-Seven,"After his purchase of meth from Walter White and Jesse Pinkman,[a] drug kingpin Tuco Salamanca viciously assaults his lieutenant, No-Doze, for speaking to Walt in Tuco’s place. After Tuco departs, Walt calculates the minimum amount of money he will need to provide for his family, concluding that the figure is $737,000. Tuco suddenly returns demanding that Walt save a convulsive No-Doze. Walter performs chest compressions on him to no avail, and No-Doze dies. Tuco tells Gonzo, the other man in his employ, to hide No-Doze's body, and Gonzo complies despite telling Tuco he should receive a Christian burial.
Walt parts ways with Jesse and goes home. Skyler White finds him standing at the television, and he subsequently sexually assaults her, only stopping after Skyler objects multiple times. Meanwhile, Jesse meets with an illegal arms dealer at a hot dog restaurant and purchases a Ruger SP101 handgun. The next day he tells Walt that he believes Tuco poses a threat to them and must be taken care of. Walt points out that shooting him would end badly, and the pair seem despondent. Elsewhere, Skyler refuses to answer phone calls from her sister, Marie Schrader. Marie and her husband Hank argue about whether she attempted to schedule a dinner with Skyler that conflicts with an appointment she has for therapy, revealing that Marie reluctantly goes to therapy for unspecified problems.
At the DEA field office, Hank's partner Steven Gomez shows him footage of two individuals stealing methylamine. The video depicts Walt and Jesse in disguise.[a] Hank disparages their ability as thieves, but is intrigued by the fact that the unknown pair stole methylamine and used thermite to enter the warehouse. Gomez speculates they may be college-aged chemistry students, and Hank believes the two will encounter difficulty from the drug cartels for disrupting the meth trade. Walt becomes worried when he notices an SUV parked near his house and spends the night watching the street. Jesse encourages Walt to also purchase a gun, hoping to ""double their chances"" of success in the event of a shooting. Instead, Walt proposes that they kill Tuco in a more clandestine way, using ricin made from castor beans. Hank visits Skyler and asks her to make up with Marie. Skyler responds angrily, stating that her situation is worse than her sister’s. Hank and Skyler both realize that the other knows about Marie's shoplifting.[b]
Walt and Jesse produce the ricin, hoping to trick Tuco into poisoning himself by placing it in the next meth delivery. As they finish their work, Walt receives a phone call from Hank, who is at a crime scene. Hank says that he screwed up in speaking to Skyler, and Walt forgives him. It is revealed that the crime scene is the junkyard and that Gonzo has accidentally died in a botched attempt to move No-Doze's body. Walt and Jesse panic as they believe that Tuco killed Gonzo, and Walt insists that Jesse leave town.
Walt returns home but avoids answering questions from Skyler. He receives a phone call and goes outside, to find Tuco holding Jesse at gunpoint in his car. Tuco forces Walt to enter the car and drives away.
",https://en.wikipedia.org/wiki/Seven_Thirty-Seven
9,2,2,Grilled,"Having been kidnapped by Tuco Salamanca, Walter White and Jesse Pinkman are held prisoner in a desert hideout where Tuco takes care of his paralyzed and mute uncle, Hector Salamanca. Hector is incapacitated from the neck down and unable to speak, but he can communicate with a desk bell attached to his wheelchair.[a] Tuco explains that Hank Schrader and the DEA have rounded up Tuco's entire organization. Unaware of Gonzo's death, Tuco believes that Gonzo has ratted him out. He intends to keep Walt and Jesse in the compound until his cousins arrive at sunset to take them all across the border to Mexico, where they will cook meth for Tuco 24/7.
Meanwhile, Walt's family has realized he is missing. Hank takes time off to look for Walt. Skyler White is sick with worry and has been distributing handbills with Walt's photo. Marie Schrader, who believes Jesse is Walt's marijuana dealer, pleads with Hank to question Jesse. Hank talks to Jesse's mother, Diane Pinkman. Mrs. Pinkman supplies Hank with information letting him follow the LoJack tracking system in Jesse's car.
At the hideout, Walt poisons Tuco's food with the ricin he has prepared, but Hector observes this and knocks the plate off the table. Tuco realizes Walt and Jesse are plotting something and takes them outside, holding a gun to Jesse's head and forcing Walt to confess to the poisoning. With Tuco distracted, Jesse overpowers him, hitting him in the head with a rock and shooting him in the abdomen with his pistol. When they see a vehicle approaching in the distance, Walt and Jesse quickly crawl into hiding, assuming that it is Tuco's cousins. Hank exits the vehicle and confronts the injured Tuco, who shoots at him, forcing Hank to fatally shoot Tuco in self-defense. Hank begins to investigate the scene as Walt and Jesse silently escape.
",https://en.wikipedia.org/wiki/Grilled_(Breaking_Bad)
10,2,3,Bit by a Dead Bee,"Having gotten away from Tuco Salamanca, Walter White and Jesse Pinkman now have to get home and explain where they have been following their kidnapping.[a] Walt has a plan for both of them and they split up. Walt, pretending to be delirious, goes to a supermarket and takes off all of his clothes while walking through the aisles. He is hospitalized and claims to have no memory of where he has been for the last few days. The hospital is unable to find anything wrong with him, and Walt suggests that it was a combination of medication and chemotherapy that could have caused the episode. The hospital believes Walt is at risk for another fugue state and forces him to undergo a psychiatric evaluation. After receiving assurances regarding doctor-patient confidentiality, Walt tells the psychiatrist that he remembers everything and just wanted to get away for a while. They eventually agree to release him.
Jesse returns to his house to clean out the basement and get rid of the RV where he and Walt have been making methamphetamine. DEA agents locate Jesse and bring him in as a result of Hank Schrader having tracked Tuco and his uncle Hector while looking for Jesse in hopes of finding Walt. Having found evidence of Jesse having been at Tuco's house when Hank killed the latter, they question Jesse about his whereabouts. Jesse claims that he has been with a prostitute, Wendy, for the weekend, a false story backed up by the prostitute. The DEA does not believe Jesse and brings in Tuco's uncle Hector Salamanca to identify Jesse, but Hector shows his disdain for the DEA by refusing to expose Jesse, instead defecating in his wheelchair. With no evidence or witnesses, they let Jesse go. Jesse tries to contact his parents, but they refuse to help him. That night, Walt convinces Jesse to continue cooking meth. Later, Hank gets a present at the station: Tuco's teeth grill.
",https://en.wikipedia.org/wiki/Bit_by_a_Dead_Bee
11,2,4,Down,"Walter White and Jesse Pinkman meet at a gas station to discuss their next move. Walt says he needs time to reassure his family after his ""fugue state""[a] before he can cook again, and gives Jesse $600. The next morning, Walt cheerily makes breakfast, clearly disturbing Skyler White and Walter White Jr.; Skyler abruptly leaves the house and does not return until much later, not telling Walt where she has been. Meanwhile, Jesse meets with an attorney and his parents, who tell him that they found the meth lab in his basement and are evicting him from his aunt's house. They tell him he has 72 hours to leave, but the next morning Jesse's mother arrives with workmen who take everything in the house to storage. Jesse at first tries to convince his mother that he can change, then angrily tells her that he earned the house by taking care of his cancer-stricken aunt while his mother did nothing. She loses her temper and slaps him.
Afterwards, Jesse searches for a place to stay, but all of his friends turn him away. While Jesse is making a call at the gas station, his motorcycle and all his remaining possessions are stolen. Dejected, Jesse breaks into the lot where his RV is being kept, but accidentally falls through a Port-a-Potty, drenching himself in waste. He sleeps in his RV, only able to breathe through a gas mask. The next day, Clovis, the lot owner, finds him and demands the money he is owed, plus extra for repairs to the RV and the Port-a-Potty. Having no cash, Jesse begs for time to pay him back, but Clovis kicks him out. Jesse breaks back into the lot, steals his RV, and escapes by driving through the locked gate.
Hoping to reconnect with his son, Walt offers to give Walt Jr. a driving lesson while Skyler is out again. Walt Jr. shows his skill at driving, but Walt notices that he is using both feet to work the pedals due to his cerebral palsy. When Walt tries to get him to only use the right foot, Walt Jr. gets upset and accidentally hits a safety cone.
While Walt Jr. is at school, Walt tries to have a conversation with Skyler. He apologizes for how he has been acting lately, but Skyler is still convinced he is hiding something and storms out when he won't tell her what it is. Walt follows her out and sees the RV parked near his house. He confronts Jesse over making contact, and Jesse tells him he only wants his half of the money they've made and will disappear. Walt angrily states that he has done all the work while Jesse has done nothing, ranting that Jesse is a ""pathetic junkie"" who is too stupid to follow simple instructions. This causes Jesse to lose his temper and attack him, but he stops himself from killing Walt. Walt brings Jesse inside and gives him his half of the earnings, and then offers him breakfast. Meanwhile, back at the gas station, a pregnant Skyler gets into her car and takes out a cigarette and lighter. She hesitates, as she is silently judged by someone in a nearby car, but starts smoking.
",https://en.wikipedia.org/wiki/Down_(Breaking_Bad)
12,2,5,Breakage,"Walter White finishes his first round of chemotherapy and is told he will learn the results in two months' time. However, Walt begins to feel overwhelmed by the growing medical bills, and the money he made from Tuco Salamanca is running out. While he is vomiting into the toilet, he finds something clogging it – the packet of cigarettes Skyler White was smoking.
Jesse Pinkman returns to Clovis to make good on his word: he pays for the towing and repair of his gate. He also works out a deal to store his RV in Clovis' lot and buys a used car from him. Next, he rents an unfurnished apartment from Jane Margolis, who manages the property and lives next door. Although he likes the space, he has no credit history and can only pay in cash. She initially refuses to rent to him but eventually agrees after raising the price for cash only.
Hank Schrader is promoted to a high-ranking Albuquerque liaison for the DEA, and will have to split his time between the city and El Paso, Texas. He goes out to celebrate with his friends but has a panic attack on the elevator ride down. He takes off work to bottle some of the beer he has brewed at home. Marie Schrader is confused at this behavior, but he assures her everything is all right. After she leaves, a bottle breaks during capping, cutting his hand.
Meanwhile, Walt and Jesse meet again to discuss how to distribute their meth. Jesse does not want to work on his own now that the DEA has found him, and suggests building a network of dealers so that they can be both distributors and producers. Walt is initially reluctant, but Jesse threatens to walk if they don't follow his plan. Later, Jesse invites his friends Combo, Skinny Pete, and Badger to his apartment, and discusses employing them as dealers.
At a cookout celebrating Hank's promotion, Skyler demands that Marie apologize for giving Skyler the stolen tiara, or it will irreversibly drive a wedge between them; Marie tearfully does so.
Jesse's dealers are doing well selling their meth until Skinny Pete is robbed by one of his customers. When Jesse gives Walt his share, minus the stolen money, he explains that it is breakage—revenue loss from damaged, lost, or stolen goods—that must be expected as the cost of doing business. Walt, however, worries about what will happen when word gets out that they can be robbed with impunity. He later shows up at Jesse's apartment and gives him a gun, telling him to take care of the problem.
Walt also confronts Skyler over her smoking, but she refuses to apologize for keeping secrets when he has been doing the same. That night, Hank is woken by what he thinks are gunshots and goes through the house with his pistol drawn. It turns out to be caps popping off beer bottles due to pressure. The next day, he drives down to the Rio Grande and throws his trophy of Tuco's grill into the river.
",https://en.wikipedia.org/wiki/Breakage_(Breaking_Bad)
13,2,6,Peekaboo,"Jesse Pinkman gets the address of the couple who ripped off Skinny Pete and goes to their dilapidated house. Upon breaking inside, he finds and tends to their young neglected son. When the couple returns home, an enraged Jesse holds them up and demands that they return his meth and his money. They give him part of the meth, claiming to have lost the other portion, and show him an ATM they have stolen from a convenience store. The husband, Spooge, works unsuccessfully to open the ATM. While Jesse is busy playing with the son, the wife knocks him unconscious, stealing his gun and drugs. Jesse wakes up to see Spooge trying to open the ATM from the bottom. His wife, angry that he keeps calling her a ""skank"", knocks the ATM over, crushing him; she then takes his drugs and gets high on the couch. Jesse hurriedly takes back the gun, takes what money he can when the ATM pops open, and calls 9-1-1. He then brings the boy out of the house, tells him not to go back inside, and runs away.
On his first day back teaching after finishing chemotherapy, Walter White teaches his class about Dr. Tracy Hall, the inventor of synthetic diamonds, who earned only a pittance for his invention while General Electric made an incalculable profit. At home, Skyler White gets a call from Gretchen Schwartz, who she still believes is paying Walt's medical bills. Skyler invites Gretchen over that afternoon, but Gretchen quickly leaves when Walt arrives home. Walt follows Gretchen outside and tells her not to say anything until they can talk. Walt later tries to apologize to Gretchen for lying, but Gretchen demands to know why Walt did it and how he has been paying for his treatment. Walt, angry at being cut out of Gray Matter Technologies, denies her any right to that information; Gretchen insists that Walt was the one who left by walking out of their past relationship. Walt curses at Gretchen, making her leave. When Walt gets back home, Skyler tells him that Gretchen called to say that the Schwartzes will no longer be paying for Walt's treatment. Walt claims that the Schwartzes have gone broke, and that he drove up to Santa Fe to discuss the situation with Gretchen.
",https://en.wikipedia.org/wiki/Peekaboo_(Breaking_Bad)
14,2,7,Negro y Azul,"Walt has trouble getting in touch with Jesse and goes to his apartment. Jesse has been staying inside and smoking marijuana since witnessing Spooge's murder.[a] Walt is at first horrified that someone was murdered but calms down upon learning that Jesse was not the actual killer, and that nobody can identify Jesse. Badger calls to set up a deal. Walt is forced to meet Jesse's dealers and learns they are now afraid of Jesse following a rumor that he killed Spooge. Walt uses Jesse's new underworld reputation to galvanize him into helping expand their operation.
Hank is having trouble fitting in at the DEA office in El Paso, Texas. At a meeting with a cartel informant nicknamed ""Tortuga"", Hank loses his patience with the man's demands and his apparent disrespect. Later, while waiting for a meeting in the desert, Hank spots a message from the cartels: Tortuga's severed head mounted on top of a tortoise. Sickened by the grotesque display, Hank moves away from the tortoise. As the agents laugh,  the tortoise blows up.
Due to financial constraints, Skyler goes to her old company to apply for a job. She meets with her old friend and boss, Ted Beneke. He decides to give Skyler her old job in the accounting department. Walt is concerned over Skyler's health at the workplace, especially since she originally left due to health problems from the company's manufacturing. There is obvious sexual tension between Skyler and Beneke; he reveals that he recently separated from his wife, the mother of his two children.
Jesse sees his landlady, Jane Margolis, drawing on their front steps, and connects with her over their love of art. However, he is recognized by a passing motorcyclist who has heard of his reputation and calls him by his real last name. After Jesse later admits to lying to her, Jane says that she doesn't care what he does as long as he doesn't do it at the house. He invites her inside to watch TV, even though he can't get his new television working. She holds his hand as they stare at the blank television.
",https://en.wikipedia.org/wiki/Negro_y_Azul
15,2,8,Better Call Saul,"After Badger is arrested in a sting operation by the Albuquerque Police, Walter White and Jesse Pinkman look into hiring a shady, flamboyant lawyer named Saul Goodman. Saul has already offered to be Badger's legal counsel. Walt poses as Badger's uncle and goes to Saul's office. Walt offers Saul a bribe to keep Badger from confessing, but Saul refuses.
Walt and Jesse resort to kidnapping Saul, threatening to kill him if he does not keep Badger from informing on them. Initially, Saul pleads for mercy, believing they were sent by a man named ""Lalo"". He blames this apparent slight towards Lalo on a man named ""Ignacio"",[a] and referring to himself as an ""amigo del cartel"". However, upon realizing that they are not cartel enforcers but are instead associates of Badger, Saul asks for payment so he can legally represent them and keep their talks confidential. Saul tells the duo about a man, Jimmy ""In-'N-Out"" Kilkelly, who makes a living being paid by other criminals to go to jail, and offers to have him stand in for Heisenberg. The DEA busts Kilkelly when Badger gives them a fake deal, but Hank Schrader is not completely convinced. Later, Saul visits Walt at his school, telling him that he is too easy to find. Saul offers to be Walt's full-time legal counsel and adviser in covering his tracks.
Skyler White goes to work on a Saturday, and Walt notices that she is dressing up for her new job with Ted. Seeing that Hank has holed himself in his house, Walt gives him a motivational speech, talking about how he has not had any fear in his life since he was diagnosed with terminal lung cancer. This helps Hank leave the house, but he still has panic attacks. Meanwhile, Jesse sleeps with Jane Margolis and nurses a growing connection with her, learning that she is in recovery from addiction.
",https://en.wikipedia.org/wiki/Better_Call_Saul_(Breaking_Bad)
16,2,9,4 Days Out,"Walter White arrives at the hospital with his family to learn how he has reacted to chemotherapy. He is told that the results of the test will not be ready for a week, but sees a scan of his lungs and notices a prominent growth. Believing that he has little time left, and realizing that recent expenses and Saul Goodman's fees for money laundering leave him with little to give his family, he decides to spend several days cooking meth. He pressures Jesse Pinkman into joining him, on the false pretext that their supply of methylamine  will soon spoil. Walt tells Skyler he's visiting his mother, as an excuse to go cook with Jesse.
At the cook site in the desert, Jesse leaves the RV's keys in the ignition switch, unaware that it is draining the battery. After a few days of cooking, Walt estimates that they have $672,000 worth of meth each, about $1.34 million total. With their portable generator out of gasoline, Jesse convinces Walt to take a break and find a hotel for the night, but when they go to start the RV, they find the battery dead.
They siphon off gasoline from the RV to the generator to jump-start it, but fuel spilled on the generator catches fire, and Jesse uses all of their drinking water to douse it. Jesse suggests they call Skinny Pete for help using Walt's cell phone; despite the risk of Skyler White discovering this in his cell phone records, Walt allows Jesse to make the call. When Skinny Pete does not arrive, they call him again, and discover he is far off the directions before the phone dies. Walter unsuccessfully tries to trickle charge the RV's battery by manually turning the generator's crank. As he begins to despair, Jesse tries to rouse him, and this inspires Walt to construct a battery from the materials they have on hand. The makeshift battery provides enough power to jump-start the RV, and they are able to return to Albuquerque.
Walt and his family return to the doctor the next week, and learn that Walt's cancer is in remission and his tumor has shrunk by 80%; the ""growth"" Walt spotted was simply inflamed tissue in his lung, and a resulting tear in his esophagus caused him to cough up blood, but can be treated. Walt's family is ecstatic, but Walt, after using the bathroom, punches a towel dispenser in rage, which bruises his knuckles.
",https://en.wikipedia.org/wiki/4_Days_Out
17,2,10,Over,"Following his discovery that he is in remission, Walter White takes Skyler's advice to take the week off from work, but secretly meets with Jesse Pinkman. He tells Jesse the news, and that he is out of the drug trade now that he no longer has to pay for treatment. During Skyler's party celebrating the remission, Walt pours Walt Jr. some tequila that he and Hank Schrader are drinking. After Walt pours an excessive amount, Hank takes the bottle away from him. Walt angrily demands it back, leading to a tense standoff which is broken as Walt Jr. vomits into the pool.
The next day, Skyler refuses to answer Walt's calls in which he tries to apologize. In order to distract himself, he goes on a home improvement spree with his drug money, replacing their water heater, then creating a crawl space in the basement to fix a rot problem. At work, Skyler confides in Ted Beneke about Walt's condition. When Ted notices that she is purposefully staying late, she breaks down, saying that she doesn't feel optimistic because she knows that Walt still has cancer. Ted understands, having suffered physically while caring for his dying father. They tenderly hold hands. The next day, as Ted is leaving, Skyler creates a distraction in order to spend more time with him.
Meanwhile, Jesse clumsily makes breakfast for Jane Margolis and tells her they can spend the day together. She admires his drawings of superheroes, which she points out all look like him. They hear knocking on Jane's door, which turns out to be her father, the owner of the property. When Jesse goes outside to speak with him, Jane acts like she does not know him. Later, she tells him she was protecting him from her overbearing father, but Jesse is upset that she does not take their relationship seriously. He smokes meth to comfort himself, but brightens when Jane slides a drawing under his door: a superhero called ""Apology Girl"" that looks like her.
At the hardware store, Walt notices the cart of a young man buying materials to make drugs. He offers advice about what ingredients to get, causing the man to run away. Outside in the parking lot, Walt sees the young man and his partner are using an RV; he realizes he is being copied. He orders the two to ""stay out of my territory"". Frightened, they drive away as Walt watches in satisfaction.
",https://en.wikipedia.org/wiki/Over_(Breaking_Bad)
18,2,11,Mandala,"Combo Ortega is selling drugs on a street corner outside Heisenberg's territory when he notices two rival dealers staring him down; he is then killed by a young boy working for them. Skinny Pete, spooked by Combo's death and Badger's recent brush with the law, decides to quit the drug trade. With no distribution network, Walter White and Jesse Pinkman are forced to look elsewhere. They meet with Saul Goodman to discuss their next move. He tells them that they are incompetent distributors, and need a businessman who will buy their product in bulk. He offers to reach out to the only distributor of that kind he has heard of, but it will be difficult, as the man is extremely cautious. Jesse is distraught that he got Combo killed, and that night tells Jane Margolis to leave his apartment so that he does not harm her recovery when he smokes meth. Jane reluctantly decides to stay with him.
The next day, Walt waits at a local chicken restaurant called Los Pollos Hermanos, where the distributor has arranged to meet them; Jesse comes in late, still high, and leaves quickly afterward. Nobody talks to Walt, but he realizes later that the distributor saw him and has refused to work with him. Meanwhile, Jane relapses into drug addiction and introduces Jesse to heroin. The next day, Walt goes back to the restaurant and waits until closing time. He eventually realizes that the man he assumes is the restaurant manager is the distributor. Although the distributor maintains he is unwilling to work with a drug addict, Walt assures him that Jesse can be relied on and that their product is the best. The distributor tells Walt that he will be in touch if he decides to work with the duo, and warns Walt never to trust a drug addict.
Skyler White helps the company celebrate her boss Ted Beneke's birthday, where she sings him a sultry version of ""Happy Birthday, Mr. President"". She later finds, while investigating the accounts, that there are many inaccuracies in the payments to the company. Ted admits that he has evaded taxation on millions of dollars by under-reporting revenue to keep the company afloat and support its employees. Skyler says that while she will not turn him in, she cannot be a part of his illegal doings and quits. However, she returns to work the next day, conflicted.
Walt gets a message telling him to come to the restaurant, where he learns that the distributor is not the restaurant manager but the owner of the Los Pollos Hermanos chain of restaurants, Gus Fring. The actual manager, who appears oblivious to Gus's criminal activities, tells Walt that Gus is not currently at the store. Just as Walt is about to leave, an associate of Gus named Victor blocks him from exiting and tells him to deliver the meth to a truck stop within the next hour in exchange for $1.2 million cash, adding that if he does not do so, Gus will never do future business with him. Walt rushes to Jesse's apartment and breaks in while Jesse and Jane are in a heroin-induced haze to retrieve the meth. At the same time, Skyler goes into labor and texts Walt when he does not pick up his phone. Walt takes a moment to consider his choice before gathering the meth and leaving the house.
",https://en.wikipedia.org/wiki/Mandala_(Breaking_Bad)
19,2,12,Phoenix,"Walter White barely delivers the inventory of drugs to Gus Fring in time, but misses his daughter Holly's birth. He arrives at the hospital, where he finds that Ted Beneke drove Skyler White there. At Jesse Pinkman's apartment, Jane Margolis wakes up when she is phoned by her father, Donald, because she is late for a Narcotics Anonymous meeting. At lunch afterward, she does not mention that she has started using heroin again, and acts as though she does not know Jesse when her father asks about him. Jesse, seeing the aftermath of Walt's search, initially believes he was robbed, but then listens to the phone messages Walt left. Walt, unable to tell anyone else in his family about the money, privately shows Holly the stacks of cash hidden in the garage walls. Later, Jesse shows up at Walt's classroom to ask for his share of the money, which Walt refuses because he believes it will further Jesse's addiction. He promises to pay Jesse when he knows that Jesse is clean.
Later, Jesse and Jane inject heroin in his apartment. As he passes out, Jesse complains about Walt holding out on him, telling Jane that he is owed $480,000. Donald calls Jane again when she is late for another rehab meeting; unbeknownst to Jane, he is waiting directly outside. Seeing her emerging from Jesse's door, he barges in and finds evidence of them both using heroin. He is furious that she has relapsed and calls the police, but doesn't finish it to make an official report when Jane promises she will enter rehab the next day. He relents and gives her another chance. Meanwhile, Walter Jr. has put up a website so that people can donate to Walt's cancer surgery utilizing PayPal. Walt does not want to accept charity, especially because he earned the money to pay for his treatment, but cannot reveal its source to his family. Saul Goodman tells him that he will contact a hacker to launder the money, making it look like it is coming from computers all over the world and averting suspicions by putting in small amounts.
Jane calls Walt to blackmail him into giving Jesse his share. Walt delivers the money to Jesse and Jane, who are ecstatic and talk of getting clean, but still feel a strong pull to use their remaining heroin. Walt goes to a bar to unwind, where he unknowingly sits next to Donald. The two start talking about the Phoenix probe's discovery of water on Mars and about Donald's daughter and Walt's ""nephew"" (Jesse), voicing their frustrations over trying to help people who will not do what is good for them. Donald opines that one can never give up on one's family. Motivated by Donald's words, Walt goes back to Jesse's house to talk to him but finds Jesse and Jane passed out from heroin use. While Walt is trying to wake Jesse, he inadvertently knocks Jane onto her back; she starts to choke on her own vomit. Walt rushes to help, but after hesitating for a moment he changes his mind and lets her die. He begins to cry before looking on resolutely.
",https://en.wikipedia.org/wiki/Phoenix_(Breaking_Bad)
20,2,13,ABQ,"Jesse Pinkman wakes from his heroin-induced sleep to find Jane Margolis dead, having choked on her own vomit.[a] He attempts CPR, to no avail, as she had already been dead several 
hours. Horrified and distraught, Jesse contacts Walter White. Walt calls Saul Goodman, who sends a cleaner, Mike Ehrmantraut, to remove evidence of drugs from Jesse's apartment. Jane's father Donald arrives at the apartment and discovers she has died. Jesse blames himself for Jane's death and runs off to a crack house. Walt locates an anguished Jesse and attempts to comfort him, before taking him to a rehab clinic.
Walt is preparing to undergo surgery to remove his cancer. The website that Walter Jr. made to bring in anonymous donations—in reality being used by Saul to launder Walt's drug money—garners media attention due to its apparent success; Walt is uncomfortable in the spotlight due to the pity shown him and his dislike of charitable donations. On the day of Walt's operation, as he is put under anesthesia, he groggily reveals the existence of a second cell phone he uses, making Skyler White suspicious of his activities. When Walt is released from the hospital, Skyler reveals that she has investigated his behavior over the past several months and found he has lied to her many times. Her discoveries include Gretchen never sending any money despite their medical bills nearly being paid and Walt not visiting his mother.[b] Skyler then tells Walt he has to move out; Walt offers to tell her everything, but she is too afraid to know and drives away.
Five weeks later, Donald returns to his job as an air traffic controller despite still grieving Jane's death. While on the job, his mind wanders to Jane when a charter plane's callsign reminds him of Jane's initials, and he inadvertently allows another plane—Wayfarer Airlines Flight 515, a Boeing 737—to cross the charter plane's path. Sitting beside his swimming pool, Walt is startled by an explosion overhead. As he watches the mid-air collision in horror, a teddy bear lands in the pool.[c]
",https://en.wikipedia.org/wiki/ABQ_(Breaking_Bad)
21,3,1,No Más,"Leonel and Marco Salamanca make a pilgrimage to a Mexican shrine to Santa Muerte, making an offering and leaving a drawing of Heisenberg at the shrine.
After a mid-air plane collision,[a] all of Albuquerque is in shock. A depressed Walter White is living in his home alone following the departure of his wife, Skyler, who has moved out with their son and newborn daughter to give Walt a chance to pack his things. Walt has pieced together that Donald Margolis inadvertently caused the plane crash when distracted by grief over his daughter Jane's death. Remorsefully he burns several bundles of money on the barbecue, but at the last moment changes his mind and throws the bills into the pool. While helping Walt to transport his belongings to a new apartment, Hank Schrader lifts the bag containing the money Walt obtained in his deal with Gus Fring. Walt openly admits the bag contains $500,000, but Hank laughs it off as a joke. Once in his new apartment, Walt calls to give his family his new address. He later receives a text message reading ""Pollos"". At a school assembly, Walt becomes agitated as teachers and students open up about the traumas they experienced due to the plane collision. When prompted to share his thoughts, he delivers an awkward speech comparing the accident to the Tenerife airport disaster, disturbing the group by advising them to ""look on the bright side"".
Skyler speaks to a divorce lawyer about making her separation from Walt permanent but hesitates when the attorney mentions the possibility of uncovering money Walt may have hidden. After being given a ride home from school by his father, Walter Jr. argues with both his parents and expresses anger towards Skyler, who refuses to give him an explanation. She also refuses when asked by her sister Marie Schrader. Finally she confronts Walt, presenting him with divorce papers. When she accuses him of being a drug dealer, Walt admits to being a methamphetamine cook. Skyler storms off in horror, saying that she will not expose his secret if he grants her the divorce and full custody of their children.
Walt's former business partner, Jesse Pinkman, is in rehab trying to overcome his drug addiction and come to terms with Jane's death, expressing self-loathing and guilt. During a group therapy session, the group leader confesses that while high on cocaine on his birthday a decade ago, he ran over and killed his own daughter in his pick-up truck while desperately trying to reach a liquor store for vodka. He follows this up by saying that hating oneself is only an impediment to moving on. Walt picks up Jesse and takes him to his apartment, where Jesse expresses remorse over the events that led to the mid-air collision. Walt tells him he is not responsible for what happened, but Jesse calmly insists that he has learned not to shy away from who he really is: ""the bad guy"". Inspired by this, Walt visits Gus at Los Pollos Hermanos and tells him of his decision to get out of the meth business. Gus presents an offer for Walt to make $3 million for three months' work, which Walt briefly considers but ultimately refuses.
Meanwhile, the Salamanca twins cross into the US from Mexico hidden in the back of a truck, in search of Heisenberg. After another migrant discovers their affiliation with the Juarez cartel, they kill their fellow passengers and the driver of the truck before blowing it up.
",https://en.wikipedia.org/wiki/No_M%C3%A1s_(Breaking_Bad)
22,3,2,Caballo sin Nombre,"While driving on a highway, Walter White is pulled over by a police officer for his windshield, which was cracked by debris in the Wayfarer crash.[a] When the officer alludes to having the car taken, Walt angrily snaps at him, leading him to be pepper sprayed and arrested. Hank Schrader picks him up from the station, and Walt tells him about his separation from Skyler White. Walt also tells Saul Goodman, who believes Skyler won't tell the police to avoid consequences against her. He suggests Walt ""find another woman"" and continue with his trade, but Walt refuses, leading Saul to call Mike Ehrmantraut, who begins staking out the Whites' house.
Jesse Pinkman stops by his old house and discovers that his parents have had it renovated and have put it up for sale. Offended that his father won't let him see the property, Jesse approaches Saul with a plan to buy the house from his parents. Saul offers Jesse's parents $400,000 cash for their $875,000 house on behalf of an anonymous buyer. They are outraged by the offer until Saul threatens to reveal that the house contained a meth lab at one time, which the Pinkmans fraudulently failed to disclose when they put the house for sale. Frightened that this will entangle the house in legal action and make it sell for far less, Jesse's parents agree. After the sale is complete, Jesse confidently walks into the house as its owner in front of his parents.
Walt Jr. experiences severe difficulty understanding why his mother refuses to let Walt back in, eventually snapping at her over dinner. Skyler, meanwhile, goes back to working for Ted. She refuses to sign his altered books, indicating that the fraud is too obvious and thus she cannot sign off on them before drawing a parallel between Ted's and Walt's criminal acts, asks what his daughters would think of him if they found out of his wrongdoing. Ted believes he would say that he had been weak but that his actions were for the good of his family. She later receives a call from Walt, telling her that Walt Jr. has gone to visit him. Walt does not tell his son the truth either and takes him home, where he tries to appease Skyler with pizza, to no avail. He later throws the pizza onto the roof in a fit of rage, and Skyler sends him a message, threatening to ask for a restraining order.
Walt proceeds to break into the house in order to forcibly move back in, unaware that Mike is installing surveillance equipment in the house. Elsewhere, the ""Cousins"" – Leonel and Marco Salamanca – approach their uncle, Hector Salamanca, who is now living in a retirement home following Tuco Salamanca's death. He gives them Walt's name and they eventually find his house. The cousins prepare to kill Walt with an axe, but before they can approach him in the shower, an onlooking Mike has Gus Fring text them, prompting them to leave.
",https://en.wikipedia.org/wiki/Caballo_sin_Nombre
23,3,3,I.F.T.,"In a flashback,[a] Tortuga is visited by Juan Bolsa at a bar. Led to the back by Juan, he is attacked by Leonel and Marco Salamanca for being a DEA informant and decapitated with a machete.
Walter White moves back into the house against Skyler White's will. Walter Jr. is thrilled, but Skyler calls the police in an attempt to have Walt thrown out. The police tell her that they cannot do anything without a court order; when one policeman asks Skyler about any possible illegal activity Walt may have been involved in, to serve as legal basis for throwing him out, Skyler declines to mention his drug manufacturing. Later, Skyler meets with her attorney. After she is assured that everything she says is confidential under attorney-client privilege, she admits that Walt is a meth manufacturer; her attorney advises her to sue him for divorce, and tell the police, but Skyler tearfully declines, saying that she does not want Walter Jr. to find out that his father is a criminal, especially given the likelihood that Walt's lung cancer will kill him in the near future. Later on, at work, Skyler begins an affair with Ted Beneke.
Jesse Pinkman is still having trouble coming to terms with Jane Margolis's death but has moved back into his house. Saul Goodman comes by, asking Jesse to try to convince Walt to get back into drug manufacturing; Jesse dismissively says he will handle it. However, later on, he chooses to cook a batch himself.
Leonel and Marco steal a minivan, bringing Hector Salamanca with them to a meeting with Gus Fring and Juan Bolsa. Gus says that they cannot kill Walter now, as he is doing business with him; once Gus's business with him is done, however, he will let them kill Walter.
Hank Schrader is still stressed and provokes a fight at a bar. He uses his status as a DEA agent to prevent the others at the bar from attacking him.
Walt shows the money he has earned to Skyler, in an attempt to get her to accept it, as he says it will help with the mortgage and Walter Jr.'s college tuition. He asks her to at least think about it; however, when she gets home from work later, in an attempt to get Walt to distance himself, she says, ""I fucked Ted"".
",https://en.wikipedia.org/wiki/I.F.T._(Breaking_Bad)
24,3,4,Green Light,"After coming up short for gasoline and cigarettes at a gas station, Jesse Pinkman offers meth to a cashier to get out of paying, which she eventually accepts.
Meanwhile, Walter White makes a scene at Skyler White’s workplace while confronting Ted Beneke, and he is thrown out of the building. Immediately afterward, Mike Ehrmantraut takes Walt to Saul Goodman's office. Saul tries to convince Walt to continue producing meth, but Walt refuses the offer once he finds out they bugged his house to discover the information. After making crude remarks about Skyler's affair, Walt proceeds to tackle Saul to the ground and fire him on the spot - thus losing Saul’s help laundering money. Consequently, Walter White Jr. has noticed a sudden stop in donations for his fundraising site.
After being called into her office, Walt makes a pass toward the vice principal at the school, Carmen Molina, by trying to kiss her. She rejects his advances and places him on indefinite leave. While he is leaving the school, he is intercepted by Jesse, who has produced a new batch of meth on his own. Walt rejects Jesse's product as substandard, and Jesse resolves to sell the product to Gus Fring himself, through Saul and Mike as the mediators. Gus reluctantly agrees to the purchase, anticipating that Walt's pride and financial need may convince him to accept his business proposition.
Skyler is continuing her affair with Ted, albeit with increasing suspicion from her co-workers after Walt's outburst. After having sex at his house, she refuses to disclose what went wrong in her marriage and declines Ted's offer to move in with him.
Meanwhile, Hank Schrader forgoes his assignment to El Paso at the last minute after receiving a brand new lead about the infamous blue meth. Steve Gomez is concerned about Hank's mental well-being; Hank dismisses these concerns. After intensely interrogating the cashier whom Jesse gave the meth to, Hank retrieves images from the ATM outside the gas station in order to persuade his boss to not resituate him to El Paso, convinced he is ""close to something big here"".
Jesse completes his first delivery to Victor, but is outraged when he only receives half of the money. Later, Walt is stopped at a red light when he hears on the radio that Donald Margolis, Jane Margolis' father, has been rushed to the hospital after a self-inflicted gunshot wound, in the wake of the air disaster that he oversaw.[a] Victor pulls up alongside the car and gives Walter ""his half"" of the earnings for Jesse's deal, driving off just before the light turns green.
",https://en.wikipedia.org/wiki/Green_Light_(Breaking_Bad)
25,3,5,Más,"In a flashback it is revealed that when Walter White gave Jesse Pinkman his savings to buy an RV,[a] he instead spent nearly all of it partying the night away at a strip club with Combo Ortega and Skinny Pete. The following morning, Jesse panics when he realizes that he only has $1,400 left to buy an RV, but Combo bails him out by selling him his mother's RV for the remainder of the money.
Back in the present, Jesse is furious that Walt received the other half of his payment for the meth and calls him to demand it. Walt denies making any sort of deal for half of the profits, but nevertheless tells Jesse that he does not have his permission to cook his formula. Meanwhile, Hank Schrader is still searching tirelessly for the ""rolling meth lab"" RV. He learns that his friend and partner, Steve Gomez, is being sent to El Paso in his stead. Hank is left dismayed by this news but nevertheless remains committed to his work. He returns home and has an argument with Marie Schrader after she shows concern for his well-being, feeling that he is being accused by those around him for simply doing his job.
Walt goes to see Gus Fring at Los Pollos Hermanos, admonishing him for giving him Jesse's half of the money in an attempt to lure Walt into Gus' employ. Gus apologizes for the transparency of the ploy, then asks Walt to take a drive with him. In a final attempt to get Walt to accept the offer, Gus drives him to his meth lab which is discreetly housed within an industrial laundry facility. Walt is impressed by the lab and the equipment within but nevertheless declines the offer again, saying that his time in the meth business has cost him his family and he cannot afford to make another bad decision. Gus firmly tells him that a man provides for his family, regardless of whether or not his family appreciates him for it.
Skyler White keeps enjoying her affair with Ted Beneke and is later told by Marie of Hank's change in behavior. Her sister claims that ""death changes people"", prompting Skyler to reconsider her affair and her opinion about Walt. After finding the large bag of Walt's meth earnings in the house and examining the money therein, Skyler speaks with her divorce attorney and confides in her about the fact that she is currently sleeping with her boss, as well as her doubts on whether Walt did ""what he did"" for the family. Her attorney encourages Skyler to leave him immediately, for the longer she stays with Walt, the more culpable she becomes towards his crimes. Skyler remains hesitant. However, when she gets home, she is surprised to find that Walt has packed his things, including the bag of money, and left the house. He also signed the divorce contract, having finally accepted Gus' offer to continue his work in the meth business.
Walt meets with Jesse in Saul Goodman's office and hands over Jesse's other half of the payment. However, he coldly tells Jesse that it will be the last money he will ever make in the meth business, as Gus was only using Jesse to get Walt working for him. Jesse is further enraged when Saul goes over to Walt's side, re-negotiating a money-laundering deal to secure himself a cut of Walt's profits. Jesse tells them that this won't stop him from cooking, then leaves the office in a fury. He picks up a broken piece of a curb and tosses it into Walt's newly-replaced front windshield.
Hank's search for the RV leads him to the doorstep of Combo's mother, who never reported her RV stolen after Combo sold it to Jesse. Hank searches Combo's room and finds a picture of Combo and Jesse during their night at the strip club, thereby leading Hank to now set his sights on Jesse.
",https://en.wikipedia.org/wiki/M%C3%A1s_(Breaking_Bad)
26,3,6,Sunset,"Walter White settles into his new surroundings and takes a liking to his new lab assistant Gale Boetticher. Jesse Pinkman shows his meth to Badger and Skinny Pete, and enlists them to enter the drug trade alongside him again, promising that they will not make the same mistakes which got Combo killed. The two reluctantly agree. Meanwhile, Hank Schrader is now conducting surveillance on Jesse due to his connection with Combo, believing that the RV of Combo's mother is in his possession. He receives a call from Marie Schrader, who suggests that he ask Walt about it, due to Walt's previous association with Jesse. Hank takes her advice and calls Walt, asking him if he can recall Jesse owning an RV. Instantly alarmed, Walt realizes that he must now dispose of the RV before Hank can find it.
The Cousins show up at Los Pollos Hermanos and sit in a booth, growing increasingly impatient and angry that Gus Fring is still standing in the way of them carrying out their hit on Walt. Gus eventually confronts them and tells them that they will meet at sunset.
Walt drives to Clovis' lot, who is fixing up the RV while chatting with Badger. Walt informs him that the DEA is trying to find the RV and that they must get rid of it. Clovis tells him about Old Joe, a man who owns a junkyard and will be able to destroy the RV with no questions asked. Badger calls Jesse and tells him that Walt is planning to have the RV destroyed, prompting him to rush to the junkyard. Hank follows him.
Walt drives the RV to the junkyard and pays Old Joe to scrap it. An enraged Jesse suddenly shows up, and Walt, horrified, realizes that he has led Hank right to them. The two lock themselves within the RV while Hank tries to force the door open. Old Joe steps in and tells Hank that an RV is a domicile, and therefore, he cannot legally search it without a warrant. Hank relents and phones the DEA office for a warrant. Thinking quickly, Walt calls Saul Goodman for help, who has his secretary, Francesca, call Hank to tell him that Marie has been in a car accident and is being rushed to the hospital in critical condition. Hank leaves the junkyard and rushes to the hospital, but soon after he arrives, he receives a call from Marie and realizes that it was all a hoax. Seething with anger at having been fooled, Hank suddenly has a face of suspicion. With Hank gone, Old Joe scraps the RV as Walt and Jesse watch solemnly.
Gus meets with the Cousins at sunset in a remote location. He tells them again that he will not allow them to kill Walt until his business with him has concluded, but gives them his blessing to instead go after the man who actually pulled the trigger on Tuco Salamanca: Hank.
",https://en.wikipedia.org/wiki/Sunset_(Breaking_Bad)
27,3,7,One Minute,"A flashback in Mexico shows a young Leonel Salamanca complaining to his uncle, Hector, about a toy broken by Leonel's twin brother, Marco, with Leonel proclaiming that he wishes Marco was dead. In response, Hector shoves Marco's head in a tub of icy water despite Leonel's objections, and finally releases him after Leonel punches Hector, while proclaiming, ""La familia es todo"" (family is all). In the present, Leonel and Marco light candles at a makeshift Santa Muerte shrine. In the center, the twins place a photo of Hank Schrader.
Furious that he was tricked into believing that his wife was in the hospital, Hank goes to Jesse Pinkman's house and attacks him as he opens the door. He knocks Jesse out cold before realizing that he has gone too far. Paramedics come and wheel Jesse away to the hospital as Hank stands by in shock. Walter White and Saul Goodman arrive at the hospital and meet Jesse. Walt notes that they would be in jail if they had not tricked Hank after Jesse blames him for his predicament. Jesse claims that he will make Hank's life miserable by suing him and that he will also resume his drug business, adding that if he gets caught, he would simply make a deal with the authorities to sell out Walt. At the DEA, Hank makes a statement about what happened at the junkyard, but pleads the Fifth when it comes to his actions at Jesse's house. He is then informed that Jesse is filing charges for his actions.
Skyler White visits Walt at his condo. He initially believes she is mocking him, but she pleads with him to pacify Jesse so that Hank does not face charges. Walt refuses despite Skyler's assertion that Hank is his family and asks her to leave.
In the desert, Leonel and Marco meet with a trucker hawking an array of weapons. He gives them a free hollow-point bullet and shows off his bulletproof vest, which Leonel and Marco test by shooting him point-blank. When he survives, they purchase two vests and leave.
Later, at the lab, Gale Boetticher attempts to be friendly with Walt, but he gives him the cold shoulder. He forces a disagreement with Gale and later convinces a reluctant Gus Fring to make Jesse his partner again. At the hospital, Walt pitches the job to Jesse, who mocks it as a ploy to save Hank. He initially refuses, citing Walter's previous wrongdoings against him and his criticism of Jesse's meth. Walt admits that Jesse's meth is good, as good as Walt's own, and leaves. Jesse eventually calls Walt and says he agrees to the partnership.
At the DEA office, Hank admits to assaulting Jesse, resulting in him being suspended without pay and having his gun confiscated. As Hank departs, he learns Jesse is not pressing charges after all. Later, Hank sits in an SUV in a parking lot when he gets a phone call and an electronically-disguised voice tells Hank that he has one minute to leave before two men come to kill him. Hank wonders if it is a prank call, but Leonel and Marco arrive and ambush Hank. He reverses his car into Leonel, pinning him against another car and maiming him from the waist down, then flees with Leonel's gun. Marco empties his gun at a passerby and reloads, dropping the hollow-point bullet in the process, before eventually knocking Hank down with gunshots. Marco decides to kill Hank with his axe and goes to retrieve it from his car. Hank arduously loads the nearby hollow-point bullet into Leonel's gun and kills Marco with a gunshot to the head before he can swing the axe down. Marco's axe lands next to Hank, who falls unconscious from massive blood loss.
",https://en.wikipedia.org/wiki/One_Minute_(Breaking_Bad)
28,3,8,I See You,"As Jesse Pinkman is leaving the hospital after Hank Schrader's attack on him, he sees Hank being admitted in critical condition with four gunshot wounds. Jesse smiles to himself as Skinny Pete picks him up, satisfied at the karmic justice.
Walter White tells a confused and upset Gale Boetticher that they are not working well together and he is being replaced. Jesse then shows up at that moment, much to Walt's dismay, and displays his uncouth and unprofessional personality as he admires the lab, which confuses Gale even further, realizing that this is his replacement. As he leaves, Victor reminds Walt to not fall behind on their weekly quota.
Jesse informs Walt about Hank's condition, and Walt immediately leaves for the hospital. Walt catches up with his family while Steve Gomez and George Merkert explain to him that two Cartel hitmen (Leonel and Marco Salamanca) made an attempt on Hank's life. Gomez expresses astonishment that Hank was able to take down both of the assassins without his gun, and this prompts Marie Schrader to question why Hank did not have his gun on him. Merkert explains that Hank had to turn it in following his suspension due to the assault on Jesse. Marie lashes out at both of them, blaming them for leaving Hank defenseless and not backing him up when he needed them most. She also briefly blames Walt, believing that Hank would never have crossed paths with Jesse if Walt had never ""bought marijuana"" from him.
Leonel, his legs now amputated, is being treated in the same hospital as Hank. When Gomez and Walt go to view him from the other side of his door, Leonel recognizes Walt and angrily crawls towards him before eventually being hoisted back to his bed. Walt is startled by this and realizes that he might have been their intended target.
Gus Fring receives a call from Juan Bolsa. The attempted hit on a DEA agent has prompted the Mexican government to crack down on the Cartel and for the border to be monitored with more scrutiny, forcing him to lie low in Mexico. Bolsa is suspicious that Gus was the one who orchestrated the hit, as Marco and Leonel would not have attacked a DEA agent without approval. He tells Gus that he intends to get the truth from Leonel as to who permitted them to act.
Walt spends the day at the hospital while Jesse remains at the lab, waiting for him to return so that they can resume cooking to meet their quota. Walt eventually receives a call from Gus to check in on their progress. Not wanting to give any information that might reveal that his brother-in-law is a DEA agent, Walt lies about why they are falling behind, saying that Gale has set them back significantly, and to make up for it, he promises to produce 400 pounds (180 kg) of meth next week. Gus agrees to this.
Walt is horrified when Gus suddenly shows up at the hospital, bringing free food from Los Pollos Hermanos as a show of his support for the DEA. Gus meets the rest of Walt's family and relates to the time when he first met Hank,[a] revealing to Walt that Gus already knew that his brother-in-law was in the DEA. Walt speaks privately with Gus, assuring him that Hank is not a problem for their business. Gus subtly tells him that Leonel will not be a problem anymore. As he leaves, Leonel suddenly goes into cardiac arrest and dies. Mike Ehrmantraut is then shown disposing of a syringe and leaving unnoticed, the whole appearance of Gus a distraction for him to do his job, and Gomez celebrates.
Later that night, Gus receives another call from Bolsa, whose house is now surrounded by Mexican federales. With Leonel now dead, Bolsa is convinced that Gus is behind all of this, and he vows that the Cartel will seek retaliation against him, but is interrupted by the federales. His bodyguards investigate and are brought down by gunfire. As Bolsa attempts to escape, he is shot to death.
",https://en.wikipedia.org/wiki/I_See_You_(Breaking_Bad)
29,3,9,Kafkaesque,"Walter White and Jesse Pinkman are now in full production in the new lab and are easily producing 200 pounds of meth each week, as per their quota. Jesse finds that they're even overproducing, and is resentful when Walt refuses to allow him to remove the extra pounds from the shipment, particularly since he has calculated that Gus Fring will net at least $96 million by the end of their three-month contract, while the two of them are receiving only a combined payment of $3 million despite doing all of the work. Walt, however, is unconcerned by this and simply brushes off Jesse's complaints as him being unappreciative.
Hank Schrader is still recovering in the hospital, and Steve Gomez shows up to tell him that the blue meth has made a comeback in several states, thus confirming Hank's suspicions that Heisenberg has not yet been captured. Hank is nevertheless dissatisfied, and reveals that the only reason he's still alive is that he got a warning call a minute before his would-be assassins attacked him. Instantly suspicious of Walt, Skyler White asks him if they, and he, are safe. Walt assures her that they are.
Though Hank is now conscious and functioning, his legs are mostly paralyzed, and the prognosis is that he may not be able to walk again, even with months of physical therapy. His doctor tells Marie Schrader that the therapy he needs is unlikely to fall within their insurance plan; if they paid out of pocket, it could end up costing them tens of thousands of dollars.
Walt meets with Gus at his distribution center to ""clear the air."" Hank's revelation that he received a phone call before the attack has led Walt to the conclusion that Gus was the one who diverted the Cartel assassins away from him and directed them towards Hank, since an attempted hit on a DEA agent would get the American and Mexican governments to crack down hard on the Cartel and restrict the illegal importing of meth from across the border, thereby granting Gus complete control over the market as the blue meth is produced domestically. Despite having put Hank's life in jeopardy, Walt nevertheless expresses gratitude towards Gus for saving his own life and commends him for his strategy, saying that he'd have done the same in Gus' position. He also brings up the issue of not knowing what will happen when his three-month contract has expired. Gus promises him security for his family and also brings up the possibility of extending their contract to a year, which would increase his earnings to $12 million, although Gus offers a raise to $15 million. Walt considers it, but on the drive back, decides to close his eyes and veer into traffic before diverting out of harm's way at the last second.
Saul Goodman encourages Jesse to purchase a nail salon which he can use to launder the money he makes from the meth business. Jesse flatly refuses, especially since doing so would require him to report his income to the IRS and thereby pay taxes. Tired of having to adhere to the quotas and responsibilities within his new job, and wanting a larger cut of the profits, Jesse decides to steal the leftover pounds of meth that he and Walt produce in the lab to sell separately to the members of his rehab support group. He enlists Badger and Skinny Pete in this endeavor, and during a meeting, they pose as two new members and initiate a conversation within the group where they mention the blue meth, piquing everyone's interest in it.
Marie becomes increasingly frustrated about being unable to find a means to pay for Hank's physical therapy, as their insurance will not cover it. Skyler finally offers to pay their bills directly using Walt's money. She fabricates a story of Walt being a compulsive blackjack gambler, saying that this has been the cause of their recent marital problems. She explains that Walt took to gambling to pay his medical bills after his cancer diagnosis, and after some losses, his winnings have netted them an amount with seven figures. Marie is left shocked and appalled but agrees to take their money to pay for Hank's therapy.
Walt expresses surprise in Skyler's ability to come up with such an elaborate story on the fly. Skyler tells Walt that she ""learned from the best"" and added that she believes he is somehow responsible for the attack on Hank, and that she is ""not forgetting that.""
",https://en.wikipedia.org/wiki/Kafkaesque_(Breaking_Bad)
30,3,10,Fly,"Walter White, suffering from insomnia, stares up at his smoke detector's red flashing status light while trying to get back to sleep. Later, he arrives with Jesse Pinkman at the meth lab, where they begin making another batch of meth. At the end of the day, Walt calculates that their yield, while above what they are required to produce, falls short of what he expects. Jesse, who has been secretly taking small amounts for personal distribution, suggests it may be from spillage or other losses, but Walt insists there is another reason.
After Jesse leaves for the day, Walt sees a housefly in the lab, which he fears could contaminate the meth-making process. He tries numerous means to swat it, even dangling precariously from the lab's catwalk, from which he slips and falls to the floor. When Jesse returns the next day, he finds Walt still in pain from the fall and insisting that they cannot start cooking until they get rid of the fly. Jesse worries about Walt's lack of sleep and suggests they go outside to figure it out. However, when Jesse leaves, Walt locks him out of the lab and goes back to find the fly. When Jesse disconnects the main power to the lab, Walt lets him back in so they can work together. Jesse gets some flypaper which they hang around the lab, as well as some sleeping pills that he secretly puts into Walt's coffee. He then recounts a story about his late aunt, who experienced auditory hallucinations as a result of her cancer spreading to her brain. Walt asserts that he is still in remission.
As they wait to catch the fly, the two talk about their families. Walt states that he should have died already and tries to think of the perfect moment to have done so: after he had enough money, after his daughter Holly was born, before his surgery and before Skyler knew what he had been doing. He finally decides the perfect moment to die would have been the night Jane Margolis died, telling Jesse of his conversation with her father Donald.[a] He tries to calculate the chances of meeting both father and daughter in different scenarios on the same night despite having never met either beforehand, but finds the odds too astronomical to calculate. Jesse is distracted when he sees the fly near the ceiling. As he tries to use a step-ladder to reach the fly, an increasingly-sleepy Walt seems poised to confess to Jesse about his role in Jane's death. Jesse tells him Jane's death was nobody's fault, but he still misses her. Walt tells him to give up on the fly and start working, decrying that ""it's all contaminated."" Jesse climbs back down and, seeing the fly land on the ladder, swats and kills it.
Jesse takes a sleeping Walt to a couch while he cleans up the lab and prepares for their next batch. They later leave together, but Walt warns Jesse that if he has been skimming from their product, he will not be able to protect him if Gus Fring finds out. Jesse denies taking anything and states that he is not asking anyone to protect him. That night, Walt is awakened by buzzing, and sees a fly landing on the smoke detector's flashing light.
",https://en.wikipedia.org/wiki/Fly_(Breaking_Bad)
31,3,11,Abiquiu,"In a flashback, Jesse Pinkman and Jane Margolis visit the Georgia O'Keeffe Museum and view O'Keeffe's painting My Last Door. They debate its meaning before Jane concludes that O'Keeffe was simply trying to make a good feeling last.
In the present, Hank Schrader is frustrated with his physical therapy. Marie gives Skyler White the therapy bill to pay as they previously discussed. Walter White attempts to pay with drug money, but Skyler insists the source must be ""unimpeachable."" Walt takes her to meet Saul Goodman, who is handling Walt's money laundering. Skyler is put off by his flippant personality and his scheme to buy a laser tag facility. Instead, she suggests a more believable business investment: the car wash where Walt previously worked. Saul objects, but Skyler offers to help by managing the car wash. Walt worries that this would make her liable for his actions, but she reveals she never filed for divorce, so spousal privilege will apply.
Walt warns Jesse to stop skimming from the meth they produce. Jesse takes what he has stolen to Badger Mayhew and Skinny Pete so they can sell it at a Narcotics Anonymous (NA) meeting. They are hesitant to sell to recovering addicts, so Jesse shows how easy it is by striking up a conversation with newcomer Andrea Cantillo. He soon becomes attracted to Andrea, and she invites him to her home, where Jesse discovers she has a son, Brock. From Brock, Jesse learns that Andrea has a pre-teen brother, Tomás, although she initially refuses to talk about him. Andrea later suggests they use meth, but Jesse declines now that he knows she has a child. Andrea insists she wants to avoid having Brock go down the same path as Tomás, who shot a rival dealer as part of a drug gang initiation. Jesse recognizes that the story matches details of Combo's murder a few months prior.[a]
Gus invites Walt to his home for a private dinner. He tells Walt he regrets not having a mentor and warns him to never make the same mistake twice. The next day, Jesse travels to the corner where Combo was killed. He finds Tomás there, and while buying meth from him, sees the faces of the drug dealers who rule the territory. Jesse quietly walks away, enraged.
",https://en.wikipedia.org/wiki/Abiquiu_(Breaking_Bad)
32,3,12,Half Measures,"Skyler White pushes Walt to accept her plan of laundering his drug money through the car wash. Meanwhile, Jesse Pinkman begins to plot against the drug dealers who killed Combo Ortega. Having bought the blue meth from the gang responsible, confirming that Combo's killers work for Gus Fring, Jesse tells Walt and asks him to make ricin to exact revenge. Although Walt appears troubled by the gang's use of children, he dismisses the plan. Jesse replies he will kill them with or without help.
Convinced Jesse is likely to do something rash, Walt visits Saul Goodman and they plan to have Jesse jailed, albeit briefly, to cool down. Meanwhile, Marie Schrader wheels Hank out of the hospital, after betting she can arouse him during a sponge bath.
Mike Ehrmantraut makes an unannounced visit to Walt at home and reveals he also works for Gus, who would ""take it as a problem"" if Jesse would be jailed. Mike then tells Walt a story from his years as a cop, in which he laments showing mercy to an alcoholic, continually-abusive husband who subsequently killed his wife. Mike tells Walt he chose a ""half measure"" by giving the husband a warning instead of killing him on the spot, and warns: ""No more half measures, Walter.""
Jesse plants ricin in hamburgers intended for Gus' dealers but is unable to find them at their usual location. He is stopped by Mike and Victor who bring him to a meeting with Gus, Walt, and the two targeted dealers. After tense negotiations, Gus promises his dealers will stop using children as pawns, and Jesse reluctantly promises to ""keep the peace."" On their way back, Walt tries to calm down the furious Jesse, who refuses to respond.
That night, Tomás, the eleven year old boy who was dealing drugs, is killed. Tomás' sister Andrea rushes to the scene along with Jesse, who realizes the two street dealers have executed Tomás, as he is no longer of value to them. The next day, Jesse fails to show up for a cooking session with Walt, who decides to start without him. During dinner with his family, Walt learns about Tomás' murder on TV and abruptly leaves his house.
Jesse watches the dealers from afar and snorts meth for the first time since rehab, breaking his sobriety. He draws his gun and slowly approaches the two dealers, who draw their own guns and prepare for a confrontation. Suddenly, Walt plows into both dealers with his car, killing one and badly injuring the other. Walt gets out of his car, picks up the injured dealer's gun, and shoots him in the head, killing him. Walt then tells an utterly shocked Jesse one word: ""Run.""
",https://en.wikipedia.org/wiki/Half_Measures
33,3,13,Full Measure,"In a flashback to 1993, Walter and Skyler White, who's pregnant with Walter Jr., are shown by a realtor the house where they will eventually live. Walt, then working at the prestigious Sandia Laboratory, envisions a bright future with three children and worries that they are not setting their sights high enough with the ""starter house"".
In the present, after Jesse Pinkman goes on the run, Walt meets with Gus Fring and Mike Ehrmantraut to negotiate for his and Jesse's safety. Walt pleads with Gus to tolerate the incident, let him return to cooking and agree to forget about Jesse. Gus accedes but informs Walt that he will be choosing Jesse's replacement.
The next day, Walt arrives at the lab and discovers that Gale Boetticher has been reinstated as his partner, and Victor now supervises them constantly. That evening, Gus visits Gale at his apartment and informs him of Walt's cancer. Gus tells Gale he must learn Walt's method to prepare for the ""worst-case scenario.""
Mike demands Jesse's location from Saul Goodman, who refuses to cooperate. When Mike physically threatens him, Saul allows Mike to look at a notebook containing a fake address for a trailer park in Virginia. Later, Walt and Saul meet with Jesse, who is hiding in a local laser tag arcade. Walt informs Jesse of his situation and explains that when Gale is confident enough to take over, they will be disposed of. They decide they must kill Gale and debate over who should do it. After Jesse says that he is not a murderer, Walt says he will do the job, and Jesse only needs to find Gale's address. Later that evening, Jesse calls Walt and tells him the address.
As Walt is leaving his home to kill Gale, Victor arrives and claims there is a chemical leak at the lab. Walt suspects a setup but is forced to go with Victor. Upon arriving at the laundromat, Walt sees Mike, confirming his suspicions. Pleading for his life, Walt offers to give them Jesse. Mike demands Jesse's location, but Walt says he needs to call him and set up a meeting. When Jesse answers the call, Walt tells Jesse to kill Gale before Victor and Mike can wrestle the phone away from him. When Walt quotes Gale's address to them, they realize what he has told Jesse to do. Victor hurriedly leaves; Mike stays with Walt and attempts to warn Gale, but Gale does not notice his phone ringing. Jesse arrives at Gale's apartment and pulls a gun on him. Gale begs for his life, but a tearful and shaking Jesse reluctantly pulls the trigger.
",https://en.wikipedia.org/wiki/Full_Measure_(Breaking_Bad)
34,4,1,Box Cutter,"In a flashback,[a] methamphetamine manufacturer Gale Boetticher excitedly sets up equipment in an underground meth superlab for Gus Fring. Gale asks Gus about the blue meth being produced by chemist Walter White. Gus explains he has reservations about hiring Walt, but Gale insists Gus hire him because of his superior product.
In the present, following Walt's order, Jesse Pinkman has killed Gale[b] to foil Gus' plot to kill them. Gus' henchman Victor arrives at Gale's apartment and finds him dead, surrounded by neighbors who have called the police. Victor finds Jesse sitting in his car and forces him to return to the lab, where Mike Ehrmantraut is holding Walt. Mike is concerned that Victor was seen at Gale's apartment and calls to inform Gus. Victor realizes his own position is precarious and reveals he observed Walt and Jesse's work by starting to cook meth himself.
Skyler White observes Walt's car in her driveway and moves it a few blocks away so Walter White Jr. will not see it. She calls Saul Goodman to ask where Walt is, but Saul is paranoid because of Walt's falling out with Gus and is busy checking his office for listening devices. Skyler breaks into Walt's condominium with the aid of a locksmith but finds little of interest. Marie Schrader struggles to maintain her composure while caring for a belligerent Hank Schrader, who is still bedridden after the attempt on his life.[c]
Gus arrives at the lab but says nothing. Walt launches into a rambling monologue, hoping to convince Gus he needs him and Jesse alive. Gus maintains his silence while changing into hazmat gear and picking up the box cutter Gale used during the lab setup. He startles everyone by slicing Victor's throat, then coldly eyes Walt and Jesse. He quietly returns to his street clothes, then walks out, pausing only to say, ""Get back to work.""
Walt and Jesse use hydrofluoric acid to dispose of Victor's body, the gun that killed Gale, and the box cutter. During breakfast, Walt insists Gale's death was necessary, but expresses concern that Gus will kill them at his next opportunity. Jesse believes it will be too much trouble for Gus to find another drug manufacturer, though Gus might make them wish they were dead. Police investigate Gale's apartment with his lab notebook sitting out in the open.
",https://en.wikipedia.org/wiki/Box_Cutter_(Breaking_Bad)
35,4,2,Thirty-Eight Snub,"Walter illegally purchases a .38-caliber snubnosed revolver, which he intends to use to kill Gus, because he believes Gus will kill him if he does not act first. Mike drinks coffee at a bar and discovers Victor's dried blood on his jacket sleeve. Jesse has purchased expensive electronics, including a sophisticated sound system, but remains miserable after having murdered Gale. In an attempt to get over Gale's death, Jesse has Badger and Skinny Pete arrange a multi-day party with dozens of people dancing, drinking, and doing drugs.
While cooking meth at the lab, Walt waits for Gus to arrive so he can kill him. Instead, Victor's replacement Tyrus arrives with Mike, and Mike informs Walt he will never see Gus in person again. That night, Walt drives to Gus' house, but before he can approach, he receives a call from Tyrus,[1] who says simply, ""Go home, Walter."" The next day, Walt approaches Mike at the bar, and Mike says he observed Walter tailing him there. Mike reveals that in the lab, he could tell Walt was carrying the pistol. Walt suggests Mike and he are in the same danger because Gus could easily kill Mike the same way he killed Victor. Walt asks Mike to put him in a room with Gus so Walt can kill him. Mike punches Walt, knocks him to the floor, kicks him several times, then leaves the bar.
Skyler calls Walt to inquire about buying the car wash where he once worked, which they plan to use as a front business for Walt's drug money. Walt fails to act, so Skyler does her own detailed research about the business's expenses and revenues. She later approaches Bogdan about buying it, but he angrily rejects her and condemns Walt for insulting him when Walt quit working there.
Marie struggles with Hank's deepening depression as he continues his post-shooting physical therapy. The bedridden and bitter Hank constantly ignores or insults Marie and even after he celebrates a successful session with his physical therapist, he refuses to share the excitement with Marie.
After three straight days of partying, Badger and Skinny Pete are exhausted and go home, as do all the other partiers at Jesse's house. Alone with his thoughts, a depressed Jesse breaks down while sitting less than an inch away from his sound system's speakers, which are turned to high volume.
",https://en.wikipedia.org/wiki/Thirty-Eight_Snub
36,4,3,Open House,"While preparing for his next meth cook, Walter becomes furious after noticing a surveillance camera has been installed in the lab. Later that day, Skyler and Walt meet with Saul and Skyler convinces Walt to buy the car wash by mentioning how Bogdan insulted his manhood. She devises a plan to trick Bogdan into selling by having Saul's con artist acquaintance Patrick Kuby pretend to be a United States Environmental Protection Agency representative who is shutting down the business out of concern over contaminants. Bogdan begrudgingly sells to her, even agreeing to a lower price than her original offer.
Jesse is still feeling numb from recent events and attempts to clear his head with nostalgic go-kart trips. He continues to open his house for all-night drug-fueled orgies, and deliberately throws piles of money in the midst of the chaos. Tyrus Kitt surveils Jesse's house from a nearby car.
Frustrated by Hank's continuous cold shoulder, Marie resumes her streak of kleptomania. After a series of thefts from real-estate open houses, during which she also makes up elaborate stories about her background, she is caught by a real estate agent who recognizes her from a previous incident. A livid Hank pulls strings with his friend Detective Tim Roberts to get her out of being charged. Roberts drops by the Schrader residence to seek Hank's help and gives him a photocopy of Gale's lab notebook. Hank initially shoves the notebook away but begins to read it later that night.
",https://en.wikipedia.org/wiki/Open_House_(Breaking_Bad)
37,4,4,Bullet Points,"Mike Ehrmantraut is riding in the cargo compartment of a Los Pollos Hermanos refrigerator truck when it is forced off a rural road by a pair of hijackers. Mike listens as the gunmen kill the driver, then takes cover as they shoot up the cargo compartment. When the gunmen open the cargo doors, Mike immediately shoots and kills them. After he steps out of the truck, he finds that a bullet has grazed his right ear.
During a family dinner at Hank and Marie Schrader's, Walter and Skyler White tell everyone a story about Walter having a successful card counting method to explain how they can pay for Hank Schrader's medical bills and purchase the car wash. Under the guise of using the bathroom, Walt enters Hank's bedroom and finds the case file on Gale Boetticher's murder. Perusing quickly, he finds photos of Gale's body as well as the photocopy of Gale's notebook. Hank later tells Walt he is investigating Gale's murder and believes Gale was Heisenberg. When asked by Hank to read from Gale's notebook, Walt notices a line from a Walt Whitman poem and a dedication to ""W. W."" When Hank mentions the initials matching Walt's, Walt jokingly admits ""you got me,"" before telling Hank that ""W. W."" refers to the poet.
Walt is disgusted by the condition of Jesse Pinkman's home, which is now being used as a crack house. Jesse admits he did not pick up the shell casing when he shot Gale, which could connect him to the shooting. Walt later laments to Saul Goodman that the meth business is falling apart because no one is acting professionally, and rejects an offer to go into hiding.
Jesse's complacency leads to all of his meth money being stolen, though he appears unbothered by the loss. Mike quickly recovers it and later tells Gus Fring that Jesse's lack of professionalism is a problem for the organization. Jesse does not appear at the lab the next day and Walt realizes he has been kidnapped. Mike drives Jesse to an unknown destination. When he asks Jesse if he would like to know where they are going, Jesse simply replies ""nope.""
",https://en.wikipedia.org/wiki/Bullet_Points_(Breaking_Bad)
38,4,5,Shotgun,"Walter White is racing to Los Pollos Hermanos to confront Gus Fring about Jesse Pinkman's disappearance. Worried about what will happen, Walter leaves a voicemail for Skyler White and his children, saying only that he loves them. Walt learns that Gus is not in, and Mike Ehrmantraut eventually calls, explaining that Jesse is with him and will not be harmed, and telling Walt to go back to work.
Over the course of the day, Mike drives Jesse to seven isolated dead drops all over New Mexico, where Gus's dealers leave drug money for pickup. Jesse assumes he was brought along to watch Mike's back, but Mike angrily denies this after being asked repeatedly. He insists he doesn't know why he was asked to take Jesse to the mission. While waiting in the car alone at the last dead drop spot, Jesse notices two robbers approaching, one armed with a shotgun. He slams the car in reverse, rams into their car, and drives off. When Jesse returns, Mike hints that he is impressed. It is later revealed that Gus set up the entire scene to increase Jesse's low self-esteem and motivate him.
Meanwhile, Walt and Skyler officially buy the car wash. After Skyler hears the voicemail Walt left earlier, the two have sex and she offers to let Walter move back in, but Walter leaves for the lab without giving an answer. Jesse has returned to the lab and explains to Walt that he will be working in the lab and also helping Mike with pickups from now on. Walter Jr. excitedly reveals to his father that Skyler already set the date for Walt to move back in, which seems to unnerve him.
During dinner at Hank and Marie Schrader's, a brooding Walt gets increasingly tipsy on wine. Hank explains that he gave up investigating Gale further, having found a sense of closure in the death of the man he believed to be Heisenberg, but lauds Gale's genius. A prideful Walt then insists that Gale was not a genius, and suggests that he was copying someone else's work. This convinces Hank to take another look at the case files, and he notices that the strictly vegan Gale had notes scribbled on a napkin from Los Pollos Hermanos.
",https://en.wikipedia.org/wiki/Shotgun_(Breaking_Bad)
39,4,6,Cornered,"Another Los Pollos Hermanos truck is raided by the cartel. This time, the two guards in the truck are killed by the truck's exhaust being blown through the vents and the cartel members find the tubs with blue meth.
Skyler White is worried about Walter White, suspecting that he is in danger due to the death of Gale Boetticher. Walt reacts angrily, telling her about his importance in the drug trade and implying that he killed Gale, prompting Skyler to take Holly White and flee the house. At the Four Corners Monument, she ponders escaping to Colorado, but ultimately reconsiders.
Walt receives the keys to the car wash from Bogdan Wolynetz, and avenges his past insults by making Bogdan leave behind his framed first earned dollar, which Walt uses to buy a soda. Later, Walt gives into Walter Jr.'s pleas for a new car and buys him a Dodge Challenger.
Walter meets Jesse Pinkman at the lab and questions his frequent errands with Mike Ehrmantraut. Jesse angrily responds that he is finally feeling useful and accuses Walt of discrediting his accomplishments. As they argue, Walt realizes Gus Fring is trying to drive a wedge between them. When they finish cooking, Jesse gets called away by Mike for another errand, leaving Walt to clean alone. Angered, Walt then bribes three laundry workers into helping him clean the lab. Tyrus Kitt later tells Walter that because they saw more than they should have, he is sending them back to Honduras.
Jesse and Mike scout a drug house where the blue meth from the hijacked truck is being sold, but Jesse grows impatient and tricks one of the meth users into letting him inside, where he knocks out the other. Mike notices the words ""¿Estás listo para platicar?"" (transl. Are you ready to talk?) written on the stolen container. Gus meets Mike at a diner that night and they decide to negotiate with the cartel. Outside the diner, Gus compliments Jesse's work in his errands with Mike, further boosting his self-esteem and loyalty.
Skyler returns home, but tells Walt to return the Dodge Challenger because it contradicts their cover story. She acknowledges that Walter Jr. will resent her, but tells Walt that ""someone has to protect this family from the man who protects this family"".
",https://en.wikipedia.org/wiki/Cornered_(Breaking_Bad)
40,4,7,Problem Dog,"After Skyler White tells Walter White that she has negotiated the return of Walter Jr.'s Dodge Challenger to the dealership, Walter angrily drives the Challenger to a parking lot. There he burns donuts and strands the car on a concrete parking divider, then stuffs the ownership papers in the gas tank, lights them afire, and blows up the car. Saul Goodman covers up the outburst, which costs Walter $52,000.
When Walter later drops off approximately $274,000 — his bi-weekly profits — to Skyler, she is stunned by the amount, unsure how she will launder his annual meth-lab earnings of over $7 million, in mostly $50 bills, through their car wash. Meanwhile, Hank Schrader visits Los Pollos Hermanos with Walter Jr. and manages to get Gus Fring's fingerprints on a cup.
Walter convinces Jesse Pinkman to use his new position as a henchman in the organization to kill Gus, and concocts some ricin poison in the lab that Jesse hides in one of his cigarettes. Mike Ehrmantraut brings Jesse along to a sitdown between Gus and the cartel. Jesse is told to make coffee for the meeting and contemplates poisoning the coffee, but he is interrupted before he can act. Mike is surprised when the cartel sends only one man to the meeting, who delivers to Gus an ultimatum. Gus, who had been prepared for a negotiation, rejects the ultimatum. Jesse contemplates shooting Gus as the cartel representative leaves but decides not to. Mike later tells Jesse that Gus is impressed by Jesse's loyalty, but that he thinks it is ""for the wrong guy.""
Jesse returns to his Narcotics Anonymous group. During his turn, he discreetly shares his feelings about killing Gale Boetticher, saying he put down a ""problem dog"" that otherwise did nothing wrong. The group leader tells him not to judge himself, but Jesse angrily disagrees and reveals to everyone that he had used the group as a market to peddle meth. The group leader finally expresses disapproval of Jesse.
Hank meets with Steven Gomez and ASAC George Merkert and explains his theory that Gus leads a large meth operation. Although Hank's investigation into Madrigal Electromotive GmbH — the German parent company of Los Pollos Hermanos — was stopped by its attorney, Hank reveals that Gus's fingerprints on the cup Hank had earlier obtained from Los Pollos Hermanos match fingerprints found in Gale's apartment.
",https://en.wikipedia.org/wiki/Problem_Dog
41,4,8,Hermanos,"During a flashback, Gus Fring hints to Hector Salamanca that he orchestrated the deaths of Leonel and Marco Salamanca and Juan Bolsa.
In the present, Gus meets with the police and DEA and is told that his fingerprints were found at the scene of a homicide. Gus surmises that the crime at issue is the killing of Gale Boetticher. Gus then explains that Gale was a recipient of a University of New Mexico college scholarship in chemistry Gus created, and that his fingerprints were in Gale's apartment because Gale has recently invited him over and asked for money. Hank Schrader asks if ""Gustavo Fring"" is his real name, as there are no records of it in his native Chile. Gus says the Pinochet dictatorship kept poor records. The investigators are satisfied, but Hank remains suspicious. Skyler White begins to hide Walter White's money in a crawl space below the house.
Hank asks Walter to drive him to a mineral show, but reveals en route that he is really going to Los Pollos Hermanos to plant a GPS tracker on Gus's car. Walter pretends to plant it and goes inside, where he assures Gus that he did not emplace it. Gus tells him to do it, so Walt plants the tracker on his way back to his car. Walt warns Jesse Pinkman about Hank's investigation and again urges him to kill Gus. While at Jesse's house, Walt intercepts a text message meant for Jesse and suspects Jesse is becoming loyal to Gus.
Gus visits Hector in the nursing home. A flashback shows Gus and Max meeting with Hector, Bolsa, and Don Eladio. Gus and Max pitch their meth scheme to Eladio. Max, a chemical engineer, produces the meth, and Max and Gus sell it out of their restaurant, Los Pollos Hermanos. Eladio feels Gus was disrespectful by giving meth ""samples"" to Eladio's henchmen in order to manipulate Eladio into a meeting. Hector shoots Max through the head and forces Gus to look him in the eyes as he bleeds into Eladio's swimming pool. Eladio tells Gus the only reason he is still alive is because Eladio knows who he really is, and warns him that he is ""not in Chile anymore.""
In the present, Gus tells Hector to look him in the eyes, but Hector refuses. ""Maybe next time,"" Gus says before departing.
",https://en.wikipedia.org/wiki/Hermanos_(Breaking_Bad)
42,4,9,Bug,"Hank Schrader retrieves the GPS tracker from Gus Fring's car. Disappointed that it recorded nothing suspicious, he investigates Gus's distribution center. Walter White warns Mike Ehrmantraut. Walter later meets with Jesse Pinkman and again expresses dissatisfaction that Jesse has not killed Gus.
Skyler White tells Walter the car wash is doing so well that he may be able to quit cooking meth. Ted Beneke tells Skyler he is being audited for tax fraud. As his former bookkeeper, since she was aware of the fraud, Skyler could also be implicated. She attends Ted's audit and pretends to be underqualified and completely ignorant of accounting practices. Believing the fraud was not intentional, the investigator agrees not to seek prison time, but still orders Ted to pay back taxes and fines totaling $600,000. Skyler ventures into the crawl space underneath the White's home, where she has been storing Walt's cash. Walter sees Tyrus Kitt outside Hank's house and reports him to police, forcing Tyrus to leave.
A cartel sniper opens fire on Gus's distribution center, killing one of Gus's employees, which ends when Gus walks outside alone and stands in the line of fire. Mike later explains to Jesse that the cartel needs to keep Gus alive for his distribution network. They dissolve the dead employee's body in acid and Mike threatens to kill Walt if he ever again calls the police on Mike's people. Gus invites Jesse to his home and asks him if he is capable of cooking alone, but Jesse angrily reveals that he is aware of Gus' scheme to make him feel independent from Walter; he says that if Gus kills Walter, he will have to kill Jesse as well. Gus denies this and tells Jesse that he has given in to the cartel's demands to split territory; he asked if Jesse can work alone so he can go to Mexico to teach them how to cook the blue meth. Jesse has an opportunity to poison the stew that Gus makes but decides not to risk it.
Jesse tells Walt he is supposed to teach the cartel how to produce meth and asks for a tutorial so he can explain the chemistry, but does not reveal the meeting with Gus. Walt reveals that he put a GPS tracker on Jesse's car, so he knew that Jesse was at Gus's house. Walt confronts Jesse for failing to kill Gus, but Jesse throws the GPS tracker at Walt's head. Walt and Jesse engage in a brutal fight and wreck the living room before Jesse gains the upper hand. Jesse tells Walt to leave his house and never return.
",https://en.wikipedia.org/wiki/Bug_(Breaking_Bad)
43,4,10,Salud,"Jesse Pinkman, Mike Ehrmantraut and Gus Fring travel to Mexico to teach the Cartel how to cook meth with a purity level over 90 percent. Although the cartel's chief chemist is initially skeptical because Jesse lacks scientific knowledge, the cartel is impressed when Jesse cooks a batch with 96% purity. Jesse is then horrified to hear that he belongs to the cartel, although Mike assures him that he will be returning home.
As a result of his fight with Jesse the previous night,[a] Walt misses his son's birthday. Concerned, Walter Jr. pays him a visit, only to find him bloodied. Walt blames it on gambling and tearfully apologizes before Walt Jr. helps his father into bed. Walt sleepily asks his son about his birthday before referring to Walt Jr. as Jesse. The next morning, Walt finds Walt Jr. on his couch and apologizes for his drugged state, saying he does not want to be remembered that way after he has gone. However, Walt Jr. responds that he would rather remember Walt that way compared to his behavior the past year.
Skyler White convinces Saul Goodman to transfer $620,000 in cash to Ted Beneke under the false story of an inheritance from a distant aunt. Instead of paying off the IRS, Ted uses the money to lease a new Mercedes Benz SL550 and restart his business, forcing Skyler to tell him that the money actually came from her.
Jesse, Mike, and Gus are brought to Don Eladio's residence where Hector killed Gus's partner Max decades earlier.[b] Gus and Eladio make peace, capped off with a bottle of rare tequila from Gus. Gus, who took some pills earlier, drinks the tequila to assuage Eladio's concerns, but prevents Jesse from drinking any. As Eladio and his henchmen party, Gus goes to the bathroom and induces himself to vomit; the tequila was poisoned, and all of the men, except for Mike, begin to die as they drank it. Despite the pills and the induced vomit, Gus is nevertheless affected, and his body begins failing as he tells the surviving henchmen that Eladio and his men are dead and they therefore no longer have a reason to fight. Most remaining cartel soldiers flee, but Joaquin Salamanca shoots and wounds Mike before being shot and killed by Jesse. Jesse then drives Mike and Gus and the trio flee the premises.
",https://en.wikipedia.org/wiki/Salud_(Breaking_Bad)
44,4,11,Crawl Space,"Making their escape after killing off Don Eladio Vuente and the Cartel's leadership,[a] Jesse Pinkman drives Gus Fring, who is weakened due to taking his own poison, and Mike Ehrmantraut, who is wounded, to a makeshift emergency room that Gus earlier prepared. Gus recovers quickly, but Mike has to stay another week before he can safely travel, so he is left behind in Mexico. Jesse is told that he will take over cooking meth from Walter White, but Jesse insists that Walt must not be harmed. Gus later takes Jesse with him to visit Hector Salamanca. Gus taunts him as the Salamanca lineage has now been destroyed, and shows him Jesse, explaining that Jesse killed Hector's last living descendant, Joaquin.
Later, Hank requests Walt to drive him to the Pollos Hermanos chicken farm that Hank has been planning to investigate, but along the way reveals that he also wants to investigate an industrial laundry owned by the same parent company as Pollos Hermanos—the same laundry that Walt works at. In a panic, Walt deliberately crashes his car, forcing Hank to stop using Walt as his chauffeur.
Meanwhile, Ted appears to blackmail Skyler White about the $617,000 required for paying off the IRS, as Skyler infers that Ted wants more money than she has already given him. Skyler enlists Saul Goodman's men, Huell and Kuby, to extort Ted into paying the IRS. Ted gives in, signing the cheque, but then attempts to escape; he trips, hits his head, and knocks himself out, resulting in a serious injury.
Walt realizes that Jesse has also been cooking in the lab. Walt pleads for them to stick together to thwart Gus, but Jesse, still bitter after their fight,[b] turns his back on Walt. Walt is then abducted and taken out to the desert where Gus fires him and demands he never return to the laundry or speak with Jesse again, and says that his crew will murder Hank due to the risk of Hank's investigations. When Walt protests, Gus threatens to murder Walt's entire family should Walt continue to interfere.
Panicked, Walt barges into Saul's office and takes Saul up on an earlier offer to disappear.[c] Saul tells him since he is a high-risk client he would require the ""deluxe service"" which in his case will cost a half million dollars since he would need to ""disappear"" his entire family. Saul hands Walt a business card  he has locked in a safe with info for a vacuum cleaner repair business and a phone number to contact the ""disappearer"" and instructs him what to do. Walt also asks Saul to place an anonymous tip to the DEA warning of a threat to Hank and his family, to which Saul reluctantly agrees. Walter rushes to his house to get the money stored in the crawl space but finds that it is insufficient. Skyler walks in on Walt, and, when Walt asks about the missing money, admits that she gave the money to Ted. Realizing that he and his family are doomed, Walt screams in anguish before breaking down laughing manically when the phone starts ringing in the background. Frightened, Skyler backs away and answers the call from a terrified Marie Schrader, who tells her that the DEA has received an anonymous tip that Hank is a target again by a drug cartel with his life in danger, and the DEA is sending agents to their home to guard him. The episode ends with the camera panning upward from the opening to the crawl space as Walt continues laughing manically before passing out.
",https://en.wikipedia.org/wiki/Crawl_Space_(Breaking_Bad)
45,4,12,End Times,"After receiving an anonymous warning from Saul Goodman about Hank Schrader having been targeted by a drug cartel, the DEA dispatches a squad of agents to guard Hank and Marie Schrader's house. The White family is also brought to the Schrader household for protection, but Walter White tells Skyler White that he will stay behind at their own house, ready to face the consequences of his actions. Hank deduces that his investigation of Gus Fring is the reason for the threat on his life, so he asks Steven Gomez to search the industrial laundromat for him.
Gomez and an officer with a drug-sniffing dog later check out the laundromat but do not find anything, although Jesse Pinkman and Tyrus Kitt were below them in the hidden meth lab. Gus, in a phone call to Jesse, implies the police attention is Walter's fault, and Walter must be killed to protect the operation, but Jesse again refuses to cook if Walter is killed. Saul later hands Jesse's entire share of the meth profits to Jesse, since Saul is planning to temporarily flee Albuquerque until the feud between Walter and Gus is over. Saul reveals that Gus took Walter to the desert and threatened his family, a revelation by which Jesse is taken aback. Jesse later receives a call from Andrea Cantillo that her son, Brock Cantillo, has become seriously ill and is in the hospital. Jesse discovers that the ricin cigarette, which he kept handy to poison Gus, is missing and concludes that Brock somehow ingested the ricin.
Jesse confronts a paranoid Walter at the Whites' house, where he grabs Walter's gun and points it at him, accusing him of poisoning Brock out of spite. Walter claims that Gus must have planned Brock's poisoning and framed Walter for it in order to manipulate Jesse into killing him, speculating that the cameras around the lab probably spotted the cigarette, and Tyrus must have taken it out of Jesse's locker, tracked down Brock, and poisoned him. Walter and Jesse know Gus is not above killing children, after the death of Andrea's younger brother, Tomás Cantillo, and Jesse ultimately decides that Walter is innocent. The two team up to kill Gus.
Jesse visits the hospital daily, but Andrea will not let him see Brock after he divulges knowledge about the ricin poisoning. Jesse refuses to leave the hospital, which ruins the latest meth cook, and tells Tyrus to get Gus to come down in person to get him to leave. When Gus arrives at the hospital, Walter plants a homemade bomb under Gus' car and watches from a nearby rooftop for the right moment to detonate it. At the hospital, Gus allows Jesse to take a week off. As Gus and his bodyguards return to the car, Gus senses something is amiss and leaves the area, leaving Walter distraught about missing his chance.
",https://en.wikipedia.org/wiki/End_Times_(Breaking_Bad)
46,4,13,Face Off,"Walter White removes the bomb from Gus Fring's car and asks Jesse Pinkman if he knows of a place Gus frequents that does not have security cameras and is not well-guarded. Before Jesse can think of one, he is approached and interrogated by two detectives concerned about his knowledge of ricin. When Saul Goodman arrives as Jesse's lawyer, Jesse tells him of a potential location: Hector Salamanca's retirement home, Casa Tranquila.
Walt visits Hector and offers him a truce via an opportunity to kill Gus as revenge for wiping out the Salamanca family. Hector asks to speak with the DEA but rather than disclosing anything, simply insults them (by spelling out S-U-C-K-M-Y and F-U-C on a letter board). Just as planned, Gus believes Hector is going to the DEA to be an informant; Gus visits Hector to personally assassinate him. Tyrus Kitt inspects Hector's retirement home room for any bugs and finds nothing. Gus enters and admonishes Hector for his supposed cowardice, and prepares to kill him via lethal injection; however, Hector furiously looks up at Gus for the first time in years, leaving Gus shocked. Hector repeatedly rings his bell, detonating Walt's bomb, which is hidden underneath his wheelchair; the explosion kills Hector and Tyrus, and Gus walks out of the room with his face half blown off before collapsing dead on the floor.
Walt hears the news of the explosion on the radio and is relieved. Jesse is released from police custody but is kidnapped and forced to cook meth at the lab at gunpoint. Walt heads to the lab, kills Gus's two henchmen stationed there, and frees Jesse. Knowing that Hank Schrader is closing in on the lab, Walt and Jesse burn it down.
Later on the top floor of the hospital parking garage, Jesse tells Walt that Brock Cantillo will live and that he was poisoned by lily of the valley berries, which children sometimes eat because of their sweet taste. Although Jesse questions killing Gus, since Gus never poisoned Brock after all, Walt assures Jesse that it had to be done. Walt calls Skyler White, who is—along with the rest of the family, still under lockdown[a]—learning of the explosion from the news. Skyler asks Walt if he had caused the explosion and what happened, to which he simply replies, ""I won"". As Walt drives down from the top floor of the hospital parking garage, he passes Gus' still abandoned Volvo station wagon (with the Pollos Hermanos logo hanging from the rear view mirror) from his previous aborted attempt to kill Gus.[b] The episode ends with a shot of a lily of the valley plant in Walt's backyard, revealing that it was Walt who had poisoned Brock.
",https://en.wikipedia.org/wiki/Face_Off_(Breaking_Bad)
47,5,1,Live Free or Die,"The episode starts with a flashforward to a disheveled Walter White celebrating his 52nd birthday alone in an Albuquerque Denny's, using a false name and posing as a New Hampshirite.[a] He illegally purchases an M60 machine gun from Lawson which is hidden inside the trunk of a car.
In the present, Walt disposes of any evidence connecting him to Gus Fring's killing and Brock Cantillo's poisoning. Skyler White tries not to speak to Walt, explaining that she is now scared of him. Walt suddenly remembers the surveillance cameras that Gus installed in the superlab, and realizes that the footage Gus may have collected could incriminate him.
The following day, Mike Ehrmantraut, who is still recovering from injuries sustained in the shootout,[b] learns of Gus's death and drives back to New Mexico. He comes across Walt and Jesse Pinkman and is prepared to kill Walt, but Walt and Jesse convince him that Gus's laptop, which has been seized by police as evidence, needs to be dealt with.
Mike advises that they all leave the city, as the police will inevitably find them in the lab camera footage. Mike and Walt argue over the best option to take until Jesse suggests that they could use a magnet to destroy the laptop and any evidence of their crimes. Together, Jesse and Walt concoct a plan to use an industrial electromagnet (acquired from Joe at the junk-yard) to destroy the laptop from outside the police building. They pull it off, despite being forced to abandon the truck. As they drive away, Walt defies Mike's doubts that everything is settled.
Meanwhile, Saul Goodman approaches Skyler at the car wash and tells her that Ted Beneke survived the injury from his encounter with Kuby and Huell. Skyler visits Ted in the hospital and finds that he has been fitted with a halo brace. An intimidated Ted tells her that he will remain silent about what caused his injury. Elsewhere, Walt argues with Saul about the lawyer's failure to inform him about Skyler's bailout to Ted. It is revealed that Huell was told to pickpocket Jesse's ricin cigarette, which is why Jesse believed it was lost; Saul presents the cigarette to Walt in a plastic bag, remarking that he had no idea Walt was going to poison Brock in the service of killing Gus. Saul tries to end his and Walt's business relationship, but Walt threateningly tells him, ""We're done when I say we're done"".
The episode ends with Walter hugging Skyler, and forgiving her for bailing out Ted.
",https://en.wikipedia.org/wiki/Live_Free_or_Die_(Breaking_Bad)
48,5,2,Madrigal,"In Germany, Peter Schuler, an executive for Madrigal Electromotive GmbH, the parent company of Los Pollos Hermanos, kills himself with a portable defibrillator as police arrive to question him about his longstanding ties to Gus Fring. Back in Albuquerque, Jesse Pinkman panics over the missing ricin cigarette, worried that someone will find it and get poisoned. Walter White hides the vial of ricin behind an electrical outlet cover in his house and creates a fake one, planting it in Jesse's Roomba when he helps search Jesse's house. Jesse finds it and tearfully laments what he believes is his own stupidity, apologizing to Walt for suspecting him of poisoning Brock Cantillo.
Walt and Jesse offer Mike Ehrmantraut an equal, three-way partnership in a new meth operation. Mike refuses, explaining that Walt is a dangerous ""time bomb"" and he has no intention of waiting until Walt blows everything around him to pieces. Saul Goodman suggests that with Gus eliminated, Walt can safely and cleanly quit the drug trade. However, Walt justifies rebooting the meth business by claiming that it is a golden opportunity that he cannot afford to leave behind since he is actually $40,000 in debt to Jesse after Skyler White gave over $600,000 to Ted Beneke, and paid for Hank Schrader's physical therapy. But the main obstacle to Walt and Jesse's comeback plan is the need for a new source of methylamine, the precursor to their premium-grade version of meth.
Meanwhile, Hank takes part in a meeting between the DEA and Madrigal's CEO, who claims Schuler was a lone criminal within the company and promises full cooperation. Hank's boss, ASAC George Merkert, reveals that he is being forced out of his job as punishment by his superiors for failing to heed Hank's warnings about Gus. Merkert reflects on his friendship with Gus and wonders aloud who else might be leading a double life, which seems to suddenly strike a chord with a pensive-looking Hank.
A Houston-based Madrigal executive named Lydia Rodarte-Quayle asks Mike to kill eleven men from Gus's operation in order to tie up loose ends. Mike refuses, as Gus paid them enough to keep quiet. However, when he is called in to meet with Hank and Steve Gomez, Mike learns the authorities have seized all of the offshore accounts Gus had set up for key underlings in his meth operation. Mike is affected as well since his account (set up in his 10-year-old granddaughter's name) was worth $2 million. On Mike's way into his interview at the DEA offices, he runs into a visibly scared Duane Chow—Gus's methylamine supplier—who was just leaving his own DEA interview.
Later, Chow invites Mike to his home to discuss their shared problem with the police. Mike correctly suspects that it is a setup and gets the jump on Chris, one of his former men, who has already killed Chow. Chris explains that Lydia had contracted him to kill everyone after Mike refused, as he needs the money. Mike kills Chris and later breaks into Lydia's house in Houston. As he is about to execute her, Lydia's panicked pleas about her daughter affect him. He decides to spare Lydia in exchange for her becoming Walt's new methylamine supplier. Mike calls Walt and accepts a partnership in the new meth operation.
Walt tries to resume an ordinary home life with Skyler, not accepting that she is terrified of him. While Walt joins a silent and motionless Skyler in bed for the night, he insists their lives will soon be back to normal, and makes unreciprocated sexual advances on her.
",https://en.wikipedia.org/wiki/Madrigal_(Breaking_Bad)
49,5,3,Hazard Pay,"Mike Ehrmantraut and his attorney spend an entire day visiting his former subordinates in jail who are under heavy scrutiny from the police due to their association with Gus Fring. Mike reassures them they will get their compensation.
While scouting for a new location for a meth laboratory, Walter White proposes using a pest removal company to secretly make meth in their clients' homes. Vamonos Pest, a local pest removal company, is perfect for this as the owner and his employees are already criminals. They agree to facilitate Walt and Jesse Pinkman cooking in their clients' homes. The first cook at the mobile site is a success, and afterward, Walt feigns enthusiasm for Jesse's relationship with Andrea Cantillo, but hints that Jesse should break up with her after mentioning the problems it would cause if she discovered his secret life.
While discussing Walt's upcoming 51st birthday with Marie Schrader at the car wash, Skyler White begins to light a cigarette. As Marie begins to confront her about smoking, Skyler suffers a nervous breakdown, repeatedly shouting ""shut up"". Marie confronts Walt at home about Skyler's breakdown and demands to know the truth. Walt tells her about Skyler's affair with Ted Beneke and that her breakdown was due to stress over Ted's recent accident.
Mike allocates the money earned from the first cook, but Walt becomes upset when so much of it is given to dealers, mules, Saul Goodman, and Vamonos Pest. Walt becomes further angered when he learns of the hazard pay to Mike's old henchmen but eventually relents. Walt deduces that the final amount taken home by the partners was less than what he was making when he was working for Gus. Jesse, who reveals that he broke off the relationship with Andrea, tells Walt that he was ""looking at it wrong."" Jesse explains to Walt that under Gus, they were employees, but as owners, they were actually making more considering the volume of the output. Walt, however, hints that they may need to get rid of some of the other members of the team.
",https://en.wikipedia.org/wiki/Hazard_Pay
50,5,4,Fifty-One,"After having it repaired, Walter White impulsively sells his Pontiac Aztek to the mechanic for $50 and leases himself a new Chrysler 300 and a Dodge Challenger for Walter White Jr.
At Madrigal's Houston branch, Lydia Rodarte-Quayle's inside man for methylamine is arrested by the DEA. Mike reassures Lydia that Ron will not talk, adding that she will have a new guy in the warehouse soon.
The next day, SAC Ramey offers Hank Schrader the position of ASAC (Assistant Special Agent in Charge) vacated by Merkert. Hank accepts, even though his pursuit of Heisenberg will be given to a field agent.
That evening, the Whites and the Schraders finish a meager 51st birthday dinner for Walt. After Walt Jr. leaves, Walt notes that it has been a year since his cancer diagnosis. As he reflects, a fully clothed Skyler White steps into the pool and slowly submerges herself. Marie Schrader panics while Walt jumps in to pull her out. Walt then learns that Skyler has asked Marie and Hank to look after the kids until her issues with Walt are resolved. Skyler insists that she will not have her children living in a house where dangerous events that occur are just shrugged off. She threatens to further harm herself if Walt brings the kids back home, but he belittles her plans as unworkable, even threatening to have her institutionalized. Breaking down and realizing there is no way out of her situation without hurting her family, she relents to his arguments but not without admitting to him that her only option is to hope that Walt's cancer will come back and kill him.
At the warehouse in Houston, Lydia leads Jesse Pinkman to a barrel of methylamine. They find a GPS tracker on the bottom of the barrel, compromising it. Mike is skeptical that the tracker was planted by the DEA because of its crude placement on the bottom of the barrel. When informed by Jesse that it was Lydia who spotted it first, Mike concludes that Lydia planted it herself in order to get out of their deal and vows to kill her. Jesse pleads for Mike to show mercy and asks for Walt's opinion. Walt votes to keep her alive so no time is lost finding a new precursor supplier. Jesse later gives Walt a TAG Heuer Monaco Calibre 12 wristwatch as a birthday present, which pleases Walt. Later that night, he shows Skyler the watch, assuring her that if Jesse could change his mind about wanting Walt dead, so will she.
",https://en.wikipedia.org/wiki/Fifty-One
51,5,5,Dead Freight,"A young boy is seen riding on his dirt bike through the desert. Encountering a wild tarantula, he allows it to crawl over his hands before placing it in a jar. He hears a distant freight train and rides toward it.
Walter White pays a visit to the recently promoted Hank Schrader at his new DEA office. During their conversation, Walt confesses that his marriage to Skyler White is failing, feigning tears. When Hank leaves momentarily to get coffee, Walt installs covert listening devices on the computer and inside a picture frame sitting on top of Hank's desk. Later, Walt, Jesse Pinkman, and Mike Ehrmantraut interrogate Lydia Rodarte-Quayle about the tracking device found affixed to the bottom of one of Madrigal's methylamine barrels. Mike and Walt believe that she planted it and decide to kill her, but Jesse does not. After forcing Lydia to contact Hank and report her discovery, the crew eavesdrops on Hank's next phone call, learning that it was actually placed by a DEA team in Houston.
Although exonerated, Lydia is now useless to the trio, as all of the barrels in her warehouse are compromised. Desperate to avoid being killed, Lydia tries to prove her worth by asserting that she can access an ""ocean"" of methylamine, suggesting that the trio could heist a tremendous amount of methylamine from a transiting train. At first, the trio is skeptical, but with Jesse's motivation, they come up with a plan to stall the train in a stretch of dark territory, pump out the methylamine, and replace its weight with water, so that no one will know that the heist took place. Jesse informs Todd Alquist that neither he nor his crew can ever say anything to anyone about the heist, and that no one must find out about the heist under any circumstances.
Meanwhile, Walter White Jr. returns to the White home, insisting that he will not leave until Walt and Skyler tell him what is happening between them. Walt orders Walt Jr. to return to Hank and Marie Schrader's home. Skyler informs Walt that she has decided to keep his secrets and continue laundering his money so long as their children remain away from them. Walt assures her that there is no danger to them, though Skyler has made up her mind, believing that one day, someone will arrive at their home with the intent of harming them. Walt agrees to keep the children away from their home.
On the day of the heist, Walt's crew manages to stop the train by blocking a railroad crossing with a ""broken-down"" dump truck driven by Patrick Kuby. When the engineer and conductor exit the locomotive to assist him, Mike acts as a lookout while Walt, Jesse, and Todd drain methylamine from the train into an empty buried tank, simultaneously pumping water back in to ensure its weight remains unchanged. The robbery is threatened when a good samaritan arrives on the scene and pushes the dump truck off the tracks earlier than expected. Mike pleads for Walt to call off the job, but Walt insists that they push on, and they narrowly manage to succeed. As Walt, Jesse, and Todd celebrate their success, they turn to see the young boy stopped on his dirt bike behind them. He waves at the trio, and Todd waves back before drawing a handgun and shooting and killing him, to Jesse's horror.
",https://en.wikipedia.org/wiki/Dead_Freight
52,5,6,Buyout,"After returning from the train heist, Walter White, Mike Ehrmantraut, and Todd Alquist destroy Drew Sharp's body and his dirt bike. Todd casually dismisses the killing, leading an incensed Jesse Pinkman to punch him. After a heated debate, Walt, Jesse, and Mike agree to spare Todd's life and keep him on the payroll with Vamonos Pest.
The DEA begins to surveil Mike, which leads him to leave Walt's meth operation, as does Jesse, who is distraught about Drew's death. They propose to sell the methylamine, which could net them as much as $5 million each. A rival meth dealer offers to buy the methylamine but Walt refuses to sell, because he intends to profit by turning it into meth, which could be worth as much as $300 million. With Walt refusing to sell, Jesse and Mike are also prevented from selling their shares.
While visiting Holly, a tearful Skyler White is tempted to confess to her sister Marie Schrader, but stops short when Marie discloses her knowledge of Skyler's affair with Ted Beneke. Marie mistakenly believes the affair to be the reason for Skyler's mental anguish.
Jesse comes to Walt's house to try to change Walt's mind. Walt refuses to sell and compares the situation to the incident in which he lost millions by selling his 33.33% share of Gray Matter Technologies for $5,000, while the company went on to be worth over $2 billion. He tells Jesse he does not see their enterprise as a drug business but as the building of an empire. Skyler arrives home and Walt insists that Jesse stay for dinner, leading to an awkward meal.
Walt tries to hide the methylamine, but Mike anticipates the move and restrains Walt in the Vamonos Pest offices. Mike and Saul Goodman meet with Hank Schrader and Steve Gomez at the DEA to notify them that Mike has obtained an injunction preventing their continued surveillance of him. Walt frees himself and hides the methylamine. When Mike arrives, he threatens to kill Walt but Jesse interrupts and tells Mike that Walt has a plan to get all three of them their money.
",https://en.wikipedia.org/wiki/Buyout_(Breaking_Bad)
53,5,7,Say My Name,"Walter White, Jesse Pinkman, and Mike Ehrmantraut meet with Declan, their Phoenix-based competitor. Instead of agreeing to Declan's offer to purchase the heisted methylamine for $15 million in exchange for removing Walt's blue meth from the drug market, Walt offers a counterproposal: to sell his superior product through Declan's distribution network in exchange for a substantial share of the business and a one-time, $5 million payment to Mike for his share. Declan initially refuses but accepts after realizing Walt is the infamous Heisenberg.
Walt avoids Jesse's attempts to leave with his share of the money. Meanwhile, Mike learns through the bugs that the DEA has a search warrant for his house. He stashes a car with a go bag with cash, a passport, and a gun in an airport parking lot. When Hank and Steve Gomez search his house, they find nothing. Later, Hank instructs Steve to follow Dan Wachsberger, an attorney that Mike uses to deposit the illegal drug cash, catching him in the act.
Jesse confronts Walt and demands his share of the money. Walt cruelly accuses Jesse of having nothing in his life, but his attempts to manipulate Jesse fail, and he ultimately leaves without his money, angering Walt further. Walt is forced to cook his next batch of meth with Todd, who proves to be much more subordinate and better at following orders than Jesse. Pretending to be distraught over Skyler, Walt visits Hank at his office and manages to remove the bugs, but overhears Gomez telling Hank that they have arrested Dan and that he plans on telling everything he knows about Mike. Walt frantically calls Mike, who is at a park with his granddaughter Kaylee, and tells him the DEA is coming for him. Upon the arrival of the police, Mike is forced to flee the park without saying goodbye to Kaylee.
Mike asks Saul Goodman to retrieve the go bag for his getaway, but Saul fears the DEA will follow him. When Jesse volunteers to help, Mike refuses his assistance out of concern that Jesse would be spotted, leaving Walt to retrieve the bag. When Walt meets with Mike, he refuses to hand over the bag unless Mike tells him the names of the nine men he is paying off. Mike takes the bag anyway and a heated argument erupts, in which Mike scolds Walt for his egotistical behavior and accuses him of having ruined their ideal situation working for Gus Fring. Walt storms off, and Mike realizes the revolver in his bag is missing. Walt returns with the revolver and impulsively shoots Mike. Mike tries to get away, but—mortally wounded—ultimately resigns himself to sitting on a log by the river. After Walt catches up to him, he realizes he could have just asked Lydia Rodarte-Quayle for the names, and that shooting Mike was unnecessary. Walt attempts to apologize; Mike tells him to ""Shut the fuck up, and let me die in peace"", and succumbs to his wound a few seconds later.
",https://en.wikipedia.org/wiki/Say_My_Name_(Breaking_Bad)
54,5,8,Gliding Over All,"At Vamonos Pest, Walter White and Todd prepare a barrel of hydrofluoric acid to dispose of Mike Ehrmantraut's dead body. When Jesse Pinkman arrives, Walt informs him that Mike is ""gone."" When asked by Jesse how they will deal with Mike's nine henchmen now that they will not be receiving their hazard payments, Walt coldly tells Jesse that, having quit, he is no longer involved in the business, and matters will be handled without him.
Walt meets with Lydia Rodarte-Quayle at a coffee shop to obtain the names of Mike's henchmen. Suspecting that Walt will see her as a liability and kill her, Lydia proposes a partnership in which Walt expands his distribution overseas to the Czech Republic, which has a high percentage of meth users. When Walt agrees with her proposal, Lydia provides him with the names. After Lydia leaves, Walt removes his hat from the table, revealing a hidden vial of ricin presumably meant to poison her. Walt then hides the vial in his house.
Walt asks Todd to meet with his uncle, Jack Welker, a high-ranking Aryan Brotherhood gangster. Walt enlists Jack and his men to kill Mike's incarcerated henchmen, insisting that they be killed simultaneously. Though Jack tries to explain that the operation will be logistically difficult, an unfazed Walt orders him to ""figure it out."" When Walt's order is eventually carried out, the ten are killed in a period of less than two minutes, and across three prisons. While Walt visits his house, Hank reminisces about a job he had tagging trees to be knocked down as a young man, wishing that he could have a job that did not involve ""chasing monsters"".
For the next few months, Walt's meth empire runs profitably and uninhibited, raking in millions of dollars. Meanwhile, Marie Schrader encourages Skyler White to reconcile with Walt. Later, Skyler brings him to an enormous pile of money she has been collecting and maintaining in a storage unit. After explaining to a stunned Walt that there is simply too much money to launder through their car wash, Skyler asks him how much money will be enough before she can have her former life with their children back. Later, Walt tells Skyler that he will quit. Walt visits Jesse and the two reminisce about the simpler days of cooking meth in the RV. Before he leaves, Walt leaves behind two bags. Fearing for his safety, Jesse unzips the bags slowly, only to find them filled with cash. Relieved, he disposes of a gun he had been concealing during the visit.
Walter White Jr. and Holly White move back in with Walt and Skyler, and the family seems to be in repair, with everything now going well for Walt. During lunch by the pool with Hank and Marie, Hank leaves to use the bathroom. Rummaging for reading material, he finds Walt's copy of Walt Whitman's Leaves of Grass under some magazines in the bathroom, the same copy given to Walt by Gale Boetticher. As he thumbs through the pages of the book, Hank finds a handwritten note by Gale referring to Walter as his ""other favorite W.W."" Seeing that the handwriting of the two documents match, including in the characters ""W.W."", Hank finally realizes that Walter is Heisenberg.
",https://en.wikipedia.org/wiki/Gliding_Over_All
55,5,9,Blood Money,"In a flashforward, a disheveled Walter White arrives at his abandoned, dilapidated, and fenced-off house.[a] He enters and sees ""HEISENBERG"" spray-painted on the living room wall. He witnesses teenagers skateboarding in his empty pool in the backyard, and retrieves the hidden vial of ricin from his bedroom. As he leaves, he greets his former neighbor, Carol, who is shocked by his presence.
In the present, Hank Schrader reels from finding Gale Boetticher's handwritten dedication in Walt's copy of Leaves of Grass.[b] Realizing that his brother-in-law was Heisenberg all along, Hank states that he is feeling unwell to excuse himself and his wife Marie from the party at Walt's house. While driving home, Hank suffers a panic attack and swerves off the road into a yard. Feigning illness to work from home, Hank reviews the DEA's case files on Heisenberg and Gus Fring, linking people, events, and circumstances, as well as matching the handwriting in the Leaves of Grass dedication with that in Gale's lab notebook,[c] to confirm to his shock and dismay, that Walt is Heisenberg.
Walt, who has left the meth business, discusses with Skyler White ways to expand their car wash business and launder his drug money faster. Lydia is at the car wash pleading for Walt's help, as the quality of the meth has fallen below acceptable standards since his retirement. Walt dismisses her, and Skyler firmly warns her never to come back. Walt's cancer returns, but he keeps this from his family and undergoes chemotherapy again.
Meanwhile, Jesse Pinkman feels guilty over his role in Walt's meth business, and is particularly distraught over the deaths of Drew Sharp[d] and Mike Ehrmantraut. He gives all the money he received from Walt[b] to Saul Goodman and asks him to deliver half to Mike's granddaughter and the other half to Drew's parents. Saul refuses, advising it would raise suspicions, and reports this to Walt, who visits Jesse to return his money. Walt lies to Jesse, telling him that Mike is still alive and does not need help taking care of his granddaughter. Jesse is still distressed and later gives a $10,000 bundle to a homeless man. He then drives through a neighborhood, throwing bundles of cash onto front lawns.
In his bathroom, Walt finds his copy of Leaves of Grass missing. Alarmed by the coincidental timing of Hank's apparent illness, his suspicions are deepened when he discovers a GPS tracker on his car similar to the one Hank used while tracking Gus. He confronts Hank and asks about the tracker; an enraged Hank punches Walt and accuses him of being Heisenberg. Walt tells Hank it would be difficult to prove his allegations; in any case, Walt says his cancer has returned and would probably kill him before he could be jailed. Hank looks at Walt in disbelief, saying that he does not even know who Walt is any more. Walt menacingly replies that if this is true, then Hank should ""tread lightly"".
",https://en.wikipedia.org/wiki/Blood_Money_(Breaking_Bad)
56,5,10,Buried,"Late at night, an elderly man, collecting the money which Jesse Pinkman has thrown away,[a] discovers him parked in a playground and absentmindedly spinning on a merry-go-round. Meanwhile, after his confrontation with Hank Schrader, Walter White frantically tries calling Skyler White, but cannot get through as Hank is already on the phone with her. Walt rushes to the car wash, but Skyler has already left to meet Hank at a diner. Though understanding Skyler to be a victim, Hank unwittingly reveals that Walt's cancer has returned and unsuccessfully tries enlisting her help in building a case against Walt. Skyler, however, suspects that Hank has made it a personal mission to convict Walt and worries that Hank may not truly have her best interests at heart. She then panics and leaves the diner.
Walt goes to Saul Goodman's office, angered that Skyler went to Hank before talking to him. When Saul asks whether Walt has considered killing Hank, which he refers to as ""sending him to Belize like Mike"", Walt admonishes him, saying that Hank is family. Rushing to hide his money, Walt has Patrick Kuby and Huell Babineaux deliver it to him in seven container drums. He then drives to the Tohajiilee Indian Reservation and spends the day burying it. Meanwhile, Marie Schrader confronts Skyler about Walt's criminality. After learning that Skyler knew about Walt's activities before Hank was shot, Marie slaps her, despite a tearful Skyler's attempts to apologize. Marie tries to leave with Walt and Skyler's infant daughter Holly, but Hank enters the house and tells Marie to give Holly back. In the car, Marie tells Hank that he ""has to get"" Walt.
Walt returns home late and posts a lottery ticket on the refrigerator door; its numbers correspond to the GPS coordinates of the buried drums. Unresponsive to Skyler's questioning, an exhausted Walt collapses. When he awakens, Walt offers to surrender himself on the condition that the money be kept for their children. Instead, Skyler tells Walt that they should keep quiet, noting that Hank has no evidence. Elsewhere, Lydia Rodarte-Quayle confronts Declan, now cooking and supplying meth, at his desert lab. She is critical of the poor standards and working conditions, but Declan rejects her suggestion to hire Todd, Walt's former protégé. At Lydia's behest, Todd and his uncle Jack arrive and massacre Declan and his men before taking over the operation.
Hank will not approach the Drug Enforcement Administration until he has reliable evidence to apprehend Walt, as he knows his career will be over once it emerges that Heisenberg is actually his brother-in-law and wants to at least have the satisfaction of being the one to take him down. Marie insists on putting the DEA on the case, concerned over how they may respond if they learn that Hank hid his discovery. Hank agrees and returns to work, but before he can reveal his findings to his superiors, Agent Steve Gomez reveals that Jesse is detained and under questioning. Hank, realizing Jesse's connection to Walt and seeing an opportunity to get some hard evidence, decides to keep quiet for a while and asks for time alone with Jesse.
",https://en.wikipedia.org/wiki/Buried_(Breaking_Bad)
57,5,11,Confessions,"At a diner, Todd recalls to his uncle Jack and Jack's accomplice Kenny how he helped steal methylamine from the train,[a] neglecting to mention the boy he murdered. Agreeing to let Todd cook meth on his own, Jack and Kenny drive back into New Mexico. Meanwhile, Hank tells Jesse that he knows Walt is Heisenberg. Jesse refuses to cooperate, and is released after Saul Goodman shows up. Later, Walter Jr. informs his father that Marie has asked him to help repair her computer and invited him to stay for dinner. Walt manipulates his son into staying home by confessing that his cancer has returned.
Walt and Skyler meet the Schraders at a restaurant in an attempt to negotiate with them, but the meeting goes nowhere. As the Whites leave, Walt gives his in-laws a DVD of his ""confession"". Playing it at home, the Schraders discover they are being blackmailed. Walt's ""confession"" states that Hank masterminded the Heisenberg empire and forced Walt to cook meth for him. A stunned Hank then learns that Marie paid for his physical therapy using Walt's drug money, which Skyler had claimed were gambling winnings. This lends credence to Walt's story and torpedoes Hank's credibility.
Walt meets Jesse in the desert and tells him that Saul can contact someone who specializes in creating new identities.[b] He advises Jesse to start over and have a better life. Jesse reacts angrily, and asks Walt to stop  manipulating him, knowing Walt has killed Mike Ehrmantraut. In response, Walt simply embraces Jesse, who cries in his arms.
Jesse calls Saul and prepares to leave Albuquerque. Saul admonishes him for bringing marijuana for the journey and has Huell Babineaux pickpocket it when he refuses to hand it over. While Jesse is waiting for the van that will relocate him, he notices the marijuana is gone and realizes that Huell must have taken it. This puts him in mind of the ricin cigarette that he also suspected Huell of taking,[c] a suspicion that he now realizes was correct. The corollary of this is that it was Walt and not Gus who orchestrated Brock Cantillo's poisoning. An enraged Jesse returns to Saul's office and extracts a confession from him. He then drives to the White residence in Saul's car, kicks in the front door, and begins pouring gasoline everywhere. Meanwhile, Saul calls Walt, who rushes to the car wash to retrieve a hidden revolver.
",https://en.wikipedia.org/wiki/Confessions_(Breaking_Bad)
58,5,12,Rabid Dog,"Walter White cautiously examines his house in search of Jesse Pinkman, who broke in and doused it in gasoline.[a] Jesse is absent, but Walt finds white powder in Saul Goodman's crashed car, suspecting that Jesse is high on meth. After a cleaning crew cannot fully remove the gasoline scent, Walt douses his clothing and the seats of his car with it, concocting a fabrication about a pump malfunction at the gas station. Skyler and Walter White Jr. are doubtful for different reasons. Walter Jr thinks he fainted again due to the cancer, whereas Skyler thinks something more sinister. The family moves into a hotel until the carpet and flooring can be replaced.
Walt secretly meets with Saul and Patrick Kuby in the hotel's parking lot, asking for an update on Jesse's whereabouts. Saul hints at the possibility of killing Jesse, but Walt rejects the idea. Back in their hotel room, Skyler confronts Walt over his lies, having just seen him with Saul. Walt confesses that Jesse is upset and tried to burn down their house, but he is not concerned since Jesse decided against it. A shocked Skyler presses Walt to kill Jesse, who she views as a threat to their safety.
A flashback reveals Hank Schrader trailed Jesse to Walt's residence after Jesse assaulted Saul, talking Jesse out of torching the house. Hank convinces Jesse to work together to bring Walt down, leaving moments before Walt arrived. Marie talks to her therapist about her issues with Walt but will not disclose the full extent of his criminality. Hank keeps Jesse at their house because he believes Jesse is more protected there; Marie agrees once Hank tells her that Jesse's involvement is bad for Walt. Hank and Steve Gomez tape Jesse as he recounts his history with Walt. Since there is no physical evidence, and Walt has left the meth business, Hank needs something incriminating enough to take to the authorities.
Walt leaves a voicemail for Jesse, asking to meet in a plaza to reconcile over Brock Cantillo's poisoning. Hank coerces the reluctant Jesse to comply and retrieve appropriate evidence against Walt, despite Jesse's fear for his own safety. Hank reassures Jesse by recounting Walt's previous attempts to protect him at his own expense and states that since the meeting is in a public place, he will be safe. However, privately with Gomez, Hank is indifferent to Jesse risking his death; if Jesse is killed on camera, it can still be used as evidence.
Wired for sound, Jesse goes to meet with Walt but backs down after mistaking a nearby pedestrian for a hitman. Angered, Jesse goes to a pay phone to call Walt and threatens him, telling him that he will ""get him where he really lives."" Hank berates Jesse for blowing the plan, but Jesse calmly informs him that he has a better strategy in mind. Meanwhile, Walt calls Todd, requesting another hit from his uncle, Jack.
",https://en.wikipedia.org/wiki/Rabid_Dog
59,5,13,To'hajiilee,"Todd Alquist receives a call from Walter White, asking his uncle, Jack Welker, to put a hit on Jesse Pinkman. Jack tells Walt that he will only kill Jesse if Walt teaches Todd to cook his signature blue meth, which Walt reluctantly agrees to do. Meanwhile, Jesse tells Hank Schrader and Steven Gomez about his plan to capture Walt through his money. At Jesse's lead, Hank visits Huell Babineaux at a Drug Enforcement Administration (DEA) safe house and tricks him into cooperating by having him believe that Walt plans to kill him to cover up Walt's poisoning of Brock Cantillo.[a] Hank shows Huell a staged photo of Jesse shot in the head as proof. Huell confesses that he and Kuby stored Walt's money in barrels, and Walt collected the barrels with a rental van and shovel, but he does not know where the money is hidden. Hank advises Huell not to answer any calls or leave the house.
Jesse sends Walt a photo of a barrel filled with money, claiming that he has found Walt's fortune, and threatens to burn it all if the call ends. Walt frantically rushes to the location. During the heated conversation, Walt confesses to poisoning Brock but says that he ensured his survival and that all the murders he has committed were also committed to protect Jesse. Walt arrives at the desert location where his money is buried but finds no one there. He then sees another car approaching carrying Jesse and hides, believing Jesse is going to kill him. He calls Jack and gives the brotherhood the coordinates of his buried fortune, but then calls it off when he sees that Hank and Gomez are with Jesse.
Cornered, Walt surrenders to Hank, who handcuffs him and reads him his Miranda rights. Jesse feigned that the rental van had GPS tracking, the photo was staged from Hank's backyard, and they have tracked Walt through his phone. Jesse walks over to Walt and spits on him, which causes Walt to attack Jesse until Gomez and Hank break them up. Walt is put in the backseat of Gomez's SUV while Jesse is escorted to Walt's car. Hank then calls Marie Schrader to inform her that he has caught Walt. However, Jack and his brotherhood approach from the desert, having ignored Walt's cancellation, and confront Hank and Gomez. A panicked Walt attempts to defuse the situation to no avail. The gang opens fire, while Jesse and Walt take cover in the cars to avoid the gunfight.
",https://en.wikipedia.org/wiki/To%27hajiilee
60,5,14,Ozymandias,"In a flashback, Walter White and Jesse Pinkman conduct their first meth cook.[b] Walt calls a pregnant Skyler White with an excuse for not being home, and she suggests the name Holly for their baby.
In the present, Hank Schrader is wounded following the shootout with Jack's brotherhood, and Steve Gomez has been killed.[c] Jack prepares to kill Hank but Walt begs Jack to spare him, offering his entire fortune in exchange. Hank chides Walt for not realizing Jack has already decided to kill him. Jack shoots Hank dead, and Walt collapses to the ground in despair.
The gang discovers Walt's seven money barrels, but Jack tells Walt they will leave one for him because of Todd's respect for Walt. They bury Hank and Gomez in place of the barrels. Walt identifies Jesse's hiding place and demands Jack carry out the hit he requested. Todd suggests taking Jesse captive to learn what he revealed to Hank and Steve. Walt consents, and spitefully tells Jesse he watched Jane Margolis die.[d] The gang then takes Jesse to their compound where he is imprisoned and forced to cook meth.
Walt's car runs out of fuel because a bullet pierced the fuel tank, so he rolls his barrel through the desert until he passes a house and buys the owner's truck. Unaware of what transpired in the desert, Marie Schrader informs Skyler that Hank has arrested Walt and demands that Skyler tell Walter White Jr. the truth. Skyler informs Walter Jr. about Walt's drug business, and he tells her she is as bad as Walt for going along. After arriving home, Skyler finds Walt frantically packing and he tries to get Skyler and Walter Jr. to leave with him. Skyler realizes Hank is dead, and believing Walt to be responsible, threatens him with a kitchen knife. A violent fight occurs and Walter Jr. tackles Walt, then calls the police. Walt takes Holly and flees.
Marie and the police arrive at the Whites' home. Knowing police are monitoring the phone, Walt calls and attempts to establish Skyler's innocence by berating her and falsely claiming he built his drug business alone. Walt confirms Hank's death and leaves Holly at a fire station with her home address written on a note. The next morning, Walt meets Ed Galbraith, Saul Goodman's new-identity contact, who drives away with Walt and the money barrel.
",https://en.wikipedia.org/wiki/Ozymandias_(Breaking_Bad)
61,5,15,Granite State,"Saul Goodman and Walter White wait at Ed Galbraith's shop while Ed obtains them new identities.[a] Wanting revenge on Jack Welker, Walt attempts to coerce Saul into coming with him but is subdued by a coughing fit. No longer intimidated, Saul leaves for his new life in Nebraska.
Jack's gang raids Marie Schrader's house and finds Jesse Pinkman's confession tape.[b] While Jack wants to kill Jesse for informing, Todd Alquist wants Jesse to cook meth so Todd can impress Lydia Rodarte-Quayle, with whom he has become infatuated. Knowing Skyler once met Lydia,[c] Todd and other gang members break into her house and threaten her to keep quiet. Lydia is not convinced Skyler will stay silent, and aims to end their meth operation, but reconsiders after Todd informs her the meth the gang produces is now at 92% purity because of Jesse. Jesse tries to escape, but is recaptured and forced to watch Todd murder Andrea Cantillo. Jack threatens to murder Andrea's son Brock if Jesse attempts another escape.
Ed takes Walt to a secluded cabin in New Hampshire and says he will visit monthly to bring food and supplies. He cautions that Walt risks capture if he leaves the cabin. Months later, a disheveled, lonely Walt has a long beard and full head of hair. Ed tells Walt that Skyler is using her maiden name and working part-time as a taxi dispatcher. As the nationwide manhunt for Walt continues, his abandoned house has become a tourist attraction.
Walt packs $100,000 into a box and walks into town. He stops at the local bar and pays a barmaid to call Walter White Jr.'s school pretending to be Marie. Walt tries reconciling with Walter Jr., who has reverted to using the name Flynn, and says he will mail money to Flynn's friend Louis for Flynn to give Skyler. Continuing to blame him for Hank Schrader's death,[a] an enraged Flynn wishes Walt dead and ends the call. A dejected Walt calls the DEA to surrender, leaving the phone off the hook so they can trace his location. While waiting, Walt sees television host Charlie Rose interviewing Gretchen and Elliott Schwartz, who trivialize his involvement with Gray Matter Technologies. Now roused to anger, Walt flees before the police arrive.
",https://en.wikipedia.org/wiki/Granite_State_(Breaking_Bad)
62,5,16,Felina,"Walter White steals a car, returns to New Mexico, and breaks into the home of Gretchen and Elliott Schwartz. He claims he hired hitmen, while Badger and Skinny Pete scare them with laser pointers that spoof rifle sights. Walt coerces them into placing his remaining $9.72 million in a trust for Walter Jr. He pays Badger and Pete, who tell him that blue meth is still distributed, leading him to deduce that Jesse Pinkman is alive.
Walt retrieves the ricin from his abandoned house,[a] connects an M60 machine gun[b] to a pivoting turret in the trunk of the car he is now driving, and rigs it to a remote unlock button. He interrupts Todd and Lydia's coffee shop meeting and offers what he claims is a formula for methylamine-free meth. Lydia feigns interest so Walt will meet Jack, knowing Jack will kill him.
Marie calls Skyler to warn her Walt is in Albuquerque. Walt is already with Skyler and leaves her the lottery ticket containing the coordinates for Hank Schrader and Steve Gomez's grave,[c] which he advises her to use to obtain a favorable plea bargain. Walt admits that despite claiming he produced meth to provide for his family, he did it to gratify himself. Skyler allows Walt to see a sleeping Holly and he later watches from afar as Walter Jr. arrives home from school.
Walt parks alongside the headquarters building of Jack's compound, and Jack orders him killed. Walt accuses Jack of partnering with Jesse. Angered at the suggestion he is in league with a rat, Jack orders that Jesse be brought from Jack's meth lab so he can prove Jesse is a captive. Walt tackles Jesse and triggers the machine gun, which kills all of Jack and Todd's associates. Jesse strangles Todd with his shackles, then frees himself with Todd's keys. Jack pleads for his life, but Walt shoots him dead. A grievously wounded Walt tells Jesse to kill him. Jesse says if Walt wants to die he should do it himself.
Walt answers Todd's phone and informs an ill Lydia that she will soon die because he poisoned her coffee shop Stevia.[1] Jesse and Walt exchange a farewell nod before Jesse flees in Todd's El Camino. Walt admires Jack's lab before succumbing to his wound. Police rush in as he lies motionless, a slight smile on his face.[2]
",https://en.wikipedia.org/wiki/Felina_(Breaking_Bad)
